-- phpMyAdmin SQL Dump
-- version 4.8.3
-- https://www.phpmyadmin.net/
--
-- Máy chủ: 127.0.0.1
-- Thời gian đã tạo: Th1 13, 2019 lúc 03:51 AM
-- Phiên bản máy phục vụ: 10.1.37-MariaDB
-- Phiên bản PHP: 7.2.12

SET SQL_MODE = "NO_AUTO_VALUE_ON_ZERO";
SET AUTOCOMMIT = 0;
START TRANSACTION;
SET time_zone = "+00:00";


/*!40101 SET @OLD_CHARACTER_SET_CLIENT=@@CHARACTER_SET_CLIENT */;
/*!40101 SET @OLD_CHARACTER_SET_RESULTS=@@CHARACTER_SET_RESULTS */;
/*!40101 SET @OLD_COLLATION_CONNECTION=@@COLLATION_CONNECTION */;
/*!40101 SET NAMES utf8mb4 */;

--
-- Cơ sở dữ liệu: `motorbike_news`
--

-- --------------------------------------------------------

--
-- Cấu trúc bảng cho bảng `activity`
--

CREATE TABLE `activity` (
  `id` varchar(5) COLLATE utf8_unicode_ci NOT NULL,
  `name` varchar(255) COLLATE utf8_unicode_ci NOT NULL,
  `created_at` timestamp NOT NULL DEFAULT CURRENT_TIMESTAMP ON UPDATE CURRENT_TIMESTAMP,
  `updated_at` timestamp NOT NULL DEFAULT '0000-00-00 00:00:00'
) ENGINE=InnoDB DEFAULT CHARSET=utf8 COLLATE=utf8_unicode_ci;

--
-- Đang đổ dữ liệu cho bảng `activity`
--

INSERT INTO `activity` (`id`, `name`, `created_at`, `updated_at`) VALUES
('1', 'Add', '2019-01-11 13:31:18', '0000-00-00 00:00:00'),
('2', 'Update', '2018-12-27 12:40:35', '0000-00-00 00:00:00'),
('3', 'List', '2019-01-11 13:31:12', '0000-00-00 00:00:00'),
('4', 'Delete', '2018-12-27 12:40:35', '0000-00-00 00:00:00');

-- --------------------------------------------------------

--
-- Cấu trúc bảng cho bảng `comment`
--

CREATE TABLE `comment` (
  `id` varchar(5) COLLATE utf8_unicode_ci NOT NULL,
  `id_user` varchar(5) COLLATE utf8_unicode_ci NOT NULL,
  `id_motorbike` varchar(5) COLLATE utf8_unicode_ci NOT NULL,
  `content` varchar(255) COLLATE utf8_unicode_ci NOT NULL,
  `created_at` timestamp NOT NULL DEFAULT CURRENT_TIMESTAMP ON UPDATE CURRENT_TIMESTAMP,
  `updated_at` timestamp NOT NULL DEFAULT '0000-00-00 00:00:00'
) ENGINE=InnoDB DEFAULT CHARSET=utf8 COLLATE=utf8_unicode_ci;

--
-- Đang đổ dữ liệu cho bảng `comment`
--

INSERT INTO `comment` (`id`, `id_user`, `id_motorbike`, `content`, `created_at`, `updated_at`) VALUES
('1', '1', '1', 'Best cmnr', '2018-12-27 13:24:31', '0000-00-00 00:00:00'),
('2', '2', '2', 'Hơi best', '2018-12-27 13:24:31', '0000-00-00 00:00:00');

-- --------------------------------------------------------

--
-- Cấu trúc bảng cho bảng `entity`
--

CREATE TABLE `entity` (
  `id` varchar(5) COLLATE utf8_unicode_ci NOT NULL,
  `name` varchar(255) COLLATE utf8_unicode_ci NOT NULL,
  `alias` varchar(225) COLLATE utf8_unicode_ci NOT NULL,
  `created_at` timestamp NOT NULL DEFAULT CURRENT_TIMESTAMP ON UPDATE CURRENT_TIMESTAMP,
  `updated_at` timestamp NOT NULL DEFAULT '0000-00-00 00:00:00'
) ENGINE=InnoDB DEFAULT CHARSET=utf8 COLLATE=utf8_unicode_ci;

--
-- Đang đổ dữ liệu cho bảng `entity`
--

INSERT INTO `entity` (`id`, `name`, `alias`, `created_at`, `updated_at`) VALUES
('1', 'User', 'user', '2018-12-28 07:07:41', '0000-00-00 00:00:00'),
('2', 'Comment', 'comment', '2018-12-28 07:07:49', '0000-00-00 00:00:00'),
('3', 'Manufacturer', 'manufacturer', '2018-12-28 07:08:00', '0000-00-00 00:00:00'),
('4', 'Motorbike', 'motorbike', '2018-12-28 07:08:12', '0000-00-00 00:00:00'),
('5', 'Role', 'role', '2018-12-28 07:08:22', '0000-00-00 00:00:00'),
('6', 'Slide', 'slide', '2018-12-28 07:08:28', '0000-00-00 00:00:00'),
('7', 'Motorbike Type', 'motorbike_type', '2018-12-28 07:08:40', '0000-00-00 00:00:00');

-- --------------------------------------------------------

--
-- Cấu trúc bảng cho bảng `manufacturer`
--

CREATE TABLE `manufacturer` (
  `id` varchar(5) COLLATE utf8_unicode_ci NOT NULL,
  `name` varchar(255) COLLATE utf8_unicode_ci NOT NULL,
  `created_at` timestamp NOT NULL DEFAULT CURRENT_TIMESTAMP ON UPDATE CURRENT_TIMESTAMP,
  `updated_at` timestamp NOT NULL DEFAULT '0000-00-00 00:00:00'
) ENGINE=InnoDB DEFAULT CHARSET=utf8 COLLATE=utf8_unicode_ci;

--
-- Đang đổ dữ liệu cho bảng `manufacturer`
--

INSERT INTO `manufacturer` (`id`, `name`, `created_at`, `updated_at`) VALUES
('1', 'Yamaha', '2018-12-27 12:33:03', '0000-00-00 00:00:00'),
('2', 'Honda', '2018-12-27 12:33:03', '0000-00-00 00:00:00'),
('3', 'Kawasaki', '2018-12-27 12:36:51', '0000-00-00 00:00:00'),
('4', 'Suzuki', '2018-12-27 12:36:51', '0000-00-00 00:00:00'),
('5', 'KTM', '2018-12-27 12:36:51', '0000-00-00 00:00:00'),
('6', 'Ducati', '2018-12-27 12:36:51', '0000-00-00 00:00:00'),
('7', 'BWM', '2018-12-27 12:36:51', '0000-00-00 00:00:00'),
('8', 'Aprilia', '2018-12-27 12:36:51', '0000-00-00 00:00:00'),
('9', 'MV Agusta', '2018-12-27 12:36:51', '0000-00-00 00:00:00');

-- --------------------------------------------------------

--
-- Cấu trúc bảng cho bảng `motorbike`
--

CREATE TABLE `motorbike` (
  `id` varchar(5) COLLATE utf8_unicode_ci NOT NULL,
  `name` varchar(255) COLLATE utf8_unicode_ci NOT NULL,
  `capacity` decimal(10,0) NOT NULL,
  `id_motorbike_type` varchar(5) COLLATE utf8_unicode_ci NOT NULL,
  `id_manufacturer` varchar(5) COLLATE utf8_unicode_ci NOT NULL,
  `description` text COLLATE utf8_unicode_ci NOT NULL,
  `thumbnail` varchar(255) COLLATE utf8_unicode_ci NOT NULL,
  `unsigned_title` varchar(255) COLLATE utf8_unicode_ci NOT NULL,
  `updated_at` timestamp NOT NULL DEFAULT '0000-00-00 00:00:00',
  `created_at` timestamp NOT NULL DEFAULT '0000-00-00 00:00:00'
) ENGINE=InnoDB DEFAULT CHARSET=utf8 COLLATE=utf8_unicode_ci;

--
-- Đang đổ dữ liệu cho bảng `motorbike`
--

INSERT INTO `motorbike` (`id`, `name`, `capacity`, `id_motorbike_type`, `id_manufacturer`, `description`, `thumbnail`, `unsigned_title`, `updated_at`, `created_at`) VALUES
('0DfDl', 'YZF - R6', '600', '1', '1', '<div class=\"titleBar\" style=\"margin: 10px 0px 8px; padding: 0px 10px; zoom: 1; color: rgb(20, 20, 20); font-family: Arial, Helvetica, sans-serif; float: inherit !important;\">\r\n<h1>Yamaha R6 vẻ đẹp hiếu chiến qua hình thái áo đấu</h1>\r\n</div>\r\n\r\n<blockquote><strong><a class=\"Dnd_XenTag_TagLink\" href=\"https://www.2banh.vn/tags/yamaha+r6/\" style=\"margin: 0px -3px; color: rgb(23, 96, 147); text-decoration-line: none; border-radius: 5px; padding: 0px 3px;\" title=\"Yamaha R6\">Yamaha R6</a>&nbsp;được đánh giá là mẫu xe đạt hiệu suất khí động học tốt nhất của gia đình Yamaha tại thời điểm này, vay mượn những đường nét thiết kế từ người anh R1, luôn là tâm điểm được quan tâm ở phân khúc 600 phân khối.</strong><br />\r\n&nbsp;\r\n<div style=\"margin: 0px; padding: 0px; text-align: center;\"><strong><img alt=\"Yamaha R6 ve dep hieu chien qua hinh thai ao dau\" class=\"LbImage bbCodeImage\" src=\"https://s3.storage.2banh.vn/image/2018/03/yamaha-r6-ve-dep-hieu-chien-qua-hinh-thai-ao-dau-7121-1520393805-5a9f5e4dab997.jpg\" style=\"border:0px; max-width:100%\" title=\"\" /></strong><br />\r\n<em>Yamaha&nbsp;<a class=\"Dnd_XenTag_TagLink\" href=\"https://www.2banh.vn/tags/r6/\" style=\"margin: 0px -3px; color: rgb(23, 96, 147); text-decoration-line: none; border-radius: 5px; padding: 0px 3px;\" title=\"R6\">R6</a>&nbsp;vẻ đẹp hiếu chiến qua hình thái áo đấu.<br />\r\n<br />\r\n<img alt=\"Yamaha R6 ve dep hieu chien qua hinh thai ao dau - 3\" class=\"LbImage bbCodeImage\" src=\"https://s1.storage.2banh.vn/image/2018/03/yamaha-r6-ve-dep-hieu-chien-qua-hinh-thai-ao-dau-7121-1520393845-5a9f5e757139b.jpg\" style=\"border:0px; max-width:100%\" title=\"\" /><br />\r\nKhoác trên mình bộ cánh bít mủ mang đậm phong thái trường đua GP.<br />\r\n<br />\r\n<img alt=\"Yamaha R6 ve dep hieu chien qua hinh thai ao dau - 4\" class=\"LbImage bbCodeImage\" src=\"https://s3.storage.2banh.vn/image/2018/03/yamaha-r6-ve-dep-hieu-chien-qua-hinh-thai-ao-dau-7121-1520393892-5a9f5ea41388d.jpg\" style=\"border:0px; max-width:100%\" title=\"\" /><br />\r\nGhi-đông lái được nâng cấp đáng kể với&nbsp;<a class=\"Dnd_XenTag_TagLink\" href=\"https://www.2banh.vn/tags/c%C3%B9m+phanh+brembo+rcs/\" style=\"margin: 0px -3px; color: rgb(23, 96, 147); text-decoration-line: none; border-radius: 5px; padding: 0px 3px;\" title=\"cùm phanh Brembo RCS\">cùm phanh Brembo RCS</a>,&nbsp;<a class=\"Dnd_XenTag_TagLink\" href=\"https://www.2banh.vn/tags/bao+tay+domino/\" style=\"margin: 0px -3px; color: rgb(23, 96, 147); text-decoration-line: none; border-radius: 5px; padding: 0px 3px;\" title=\"bao tay Domino\">bao tay Domino</a>&nbsp;đem lại sự êm ái cho người điều khiển.<br />\r\n<br />\r\n<img alt=\"Yamaha R6 ve dep hieu chien qua hinh thai ao dau - 5\" class=\"LbImage bbCodeImage\" src=\"https://s1.storage.2banh.vn/image/2018/03/yamaha-r6-ve-dep-hieu-chien-qua-hinh-thai-ao-dau-7121-1520393930-5a9f5eca121e5.jpg\" style=\"border:0px; max-width:100%\" title=\"\" /><br />\r\nTrung tâm tay lái được trang bị&nbsp;<a class=\"Dnd_XenTag_TagLink\" href=\"https://www.2banh.vn/tags/tr%E1%BB%A3+l%E1%BB%B1c+ohlins/\" style=\"margin: 0px -3px; color: rgb(23, 96, 147); text-decoration-line: none; border-radius: 5px; padding: 0px 3px;\" title=\"trợ lực Ohlins\">trợ lực Ohlins</a>&nbsp;tăng sự cứng cáp và thẩm mỹ dành cho bản độ.<br />\r\n<br />\r\n<img alt=\"Yamaha R6 ve dep hieu chien qua hinh thai ao dau - 6\" class=\"LbImage bbCodeImage\" src=\"https://s3.storage.2banh.vn/image/2018/03/yamaha-r6-ve-dep-hieu-chien-qua-hinh-thai-ao-dau-7121-1520393963-5a9f5eebcf164.jpg\" style=\"border:0px; max-width:100%\" title=\"\" /><br />\r\n<br />\r\n<img alt=\"Yamaha R6 ve dep hieu chien qua hinh thai ao dau - 7\" class=\"LbImage bbCodeImage\" src=\"https://s1.storage.2banh.vn/image/2018/03/yamaha-r6-ve-dep-hieu-chien-qua-hinh-thai-ao-dau-7121-1520393970-5a9f5ef25f869.jpg\" style=\"border:0px; max-width:100%\" title=\"\" /><br />\r\nKhối động cơ được tô điểm bởi ốp máy GB Racing, một thương hiệu quá đỗi quen thuộc và được tin dùng ở nhiều bản độ&nbsp;<a class=\"Dnd_XenTag_TagLink\" href=\"https://www.2banh.vn/tags/pkl/\" style=\"margin: 0px -3px; color: rgb(23, 96, 147); text-decoration-line: none; border-radius: 5px; padding: 0px 3px;\" title=\"PKL\">PKL</a>.<br />\r\n<br />\r\n<img alt=\"Yamaha R6 ve dep hieu chien qua hinh thai ao dau - 8\" class=\"LbImage bbCodeImage\" src=\"https://s3.storage.2banh.vn/image/2018/03/yamaha-r6-ve-dep-hieu-chien-qua-hinh-thai-ao-dau-7121-1520394118-5a9f5f864bf1a.jpg\" style=\"border:0px; max-width:100%\" title=\"\" /></em>\r\n\r\n<div class=\"tooltip fade top in\" id=\"tooltip983719\" style=\"margin: 0px; padding: 0px; position: relative; top: -544.307px; left: 0.0241394px;\">\r\n<div class=\"tooltip-arrow\" style=\"margin: 0px; padding: 0px; left: 50%;\">&nbsp;</div>\r\n\r\n<div class=\"tooltip-inner\" style=\"margin: 0px; padding: 0px;\"><em>Xem ảnh lớn.</em></div>\r\n</div>\r\n<br />\r\n<em>R6 được giới thạo xe đặt cho biệt hiệu \"ngựa hoang khó thuần\".</em>​</div>\r\n</blockquote>', 'BNIaYFnDEsyamaha-r6-ve-dep-hieu-chien-qua-hinh-thai-ao-dau-7121-1520393845-5a9f5e757139b.jpg', 'yzf-r6', '2019-01-12 19:19:22', '2019-01-12 19:19:22'),
('1', 'YZF-R1', '998', '1', '1', 'Best Bike of Yamaha', 'no-image.jpg', 'yzf-r1', '0000-00-00 00:00:00', '0000-00-00 00:00:00'),
('2', 'YZF-R6', '600', '1', '1', 'Ngựa hoang', 'no-image.jpg', 'yzf-r6', '0000-00-00 00:00:00', '0000-00-00 00:00:00'),
('45FQK', 'YZF - R1', '999', '1', '1', '<div class=\"titleBar\" style=\"margin: 10px 0px 8px; padding: 0px 10px; zoom: 1; color: rgb(20, 20, 20); font-family: Arial, Helvetica, sans-serif; float: inherit !important;\">\r\n<h1>Yamaha R1 - bản độ cho đường đua</h1>\r\n</div>\r\n\r\n<blockquote><strong>R1 là chiếc&nbsp;<a class=\"Dnd_XenTag_TagLink\" href=\"https://www.2banh.vn/tags/supersport/\" style=\"margin: 0px -3px; color: rgb(23, 96, 147); text-decoration-line: none; border-radius: 5px; padding: 0px 3px;\" title=\"SuperSport\">SuperSport</a>&nbsp;từng rất được ưa chuộng bởi các tay lái trẻ.&nbsp;<a class=\"Dnd_XenTag_TagLink\" href=\"https://www.2banh.vn/tags/yamaha/\" style=\"margin: 0px -3px; color: rgb(23, 96, 147); text-decoration-line: none; border-radius: 5px; padding: 0px 3px;\" title=\"Yamaha\">Yamaha</a>&nbsp;khoác lên R1 dáng dấp đậm chất đường đua cùng khối động cơ mạnh mẽ, đủ sức hút hồn bất kì tay mê tốc độ nào.</strong>\r\n\r\n<div style=\"margin: 0px; padding: 0px; text-align: center;\"><br />\r\n<strong><img alt=\"Yamaha R1 ban do cho duong dua\" class=\"LbImage bbCodeImage\" src=\"https://s1.storage.2banh.vn/image/2015/10/yamaha-r1-ban-do-cho-duong-dua-5820-1445324264-5625e5e875a58.jpg\" style=\"border:0px; max-width:100%\" /></strong><br />\r\n<em><a class=\"Dnd_XenTag_TagLink\" href=\"https://www.2banh.vn/tags/yamaha+r1/\" style=\"margin: 0px -3px; color: rgb(23, 96, 147); text-decoration-line: none; border-radius: 5px; padding: 0px 3px;\" title=\"Yamaha R1\">Yamaha R1</a>&nbsp;phiên bản củ với cặp mắt thiên thần không thể nhầm lẫn.</em><br />\r\n​</div>\r\nVới các tính năng được trang bị theo xe, dường như chưa đủ để thoả mãn những đòi hỏi \"khắt khe\" của những biker máu lửa. 1 phiên bản độ của chiếc&nbsp;<strong>SuperSport</strong>&nbsp;này xuất hiện với các trang bị tận răng như trên đường đua, giúp xe giảm tối đa trọng lượng và tăng thêm mã lực đáng kể.&nbsp;<strong>Yamaha R1</strong>&nbsp;càng đẹp và mạnh mẽ hơn với những trang bị như mâm carbon, giảm xóc&nbsp;<a class=\"Dnd_XenTag_TagLink\" href=\"https://www.2banh.vn/tags/ohlins/\" style=\"margin: 0px -3px; color: rgb(23, 96, 147); text-decoration-line: none; border-radius: 5px; padding: 0px 3px;\" title=\"Ohlins\">Ohlins</a>&nbsp;và 1 số chi tiết hàng hiệu khác.\r\n\r\n<div style=\"margin: 0px; padding: 0px; text-align: center;\"><br />\r\n<em><img alt=\"Yamaha R1 ban do cho duong dua - 2\" class=\"LbImage bbCodeImage\" src=\"https://s1.storage.2banh.vn/image/2015/10/yamaha-r1-ban-do-cho-duong-dua-5820-1445324402-5625e672a621a.jpg\" style=\"border:0px; max-width:100%\" /><br />\r\nXe trang bị gắp nhôm,&nbsp;<a class=\"Dnd_XenTag_TagLink\" href=\"https://www.2banh.vn/tags/m%C3%A2m+rotobox/\" style=\"margin: 0px -3px; color: rgb(23, 96, 147); text-decoration-line: none; border-radius: 5px; padding: 0px 3px;\" title=\"mâm Rotobox\">mâm Rotobox</a>&nbsp;full carbon, phuộc sau Ohlins danh tiếng.<br />\r\n<br />\r\n<img alt=\"Yamaha R1 ban do cho duong dua - 3\" class=\"LbImage bbCodeImage\" src=\"https://s1.storage.2banh.vn/image/2015/10/yamaha-r1-ban-do-cho-duong-dua-5820-1445324433-5625e691ab916.jpg\" style=\"border:0px; max-width:100%\" /><br />\r\nGiảm xóc trước Ohlins FFR cùng heo Nissin SBK, xe sử dụng cặp lốp đua chuyên dụng.<br />\r\n<br />\r\n<img alt=\"Yamaha R1 ban do cho duong dua - 4\" class=\"LbImage bbCodeImage\" src=\"https://s1.storage.2banh.vn/image/2015/10/yamaha-r1-ban-do-cho-duong-dua-5820-1445324467-5625e6b3c490a.jpg\" style=\"border:0px; max-width:100%\" /><br />\r\nĐẹp và mạnh mẽ hơn.</em></div>\r\n</blockquote>', 'XEV6zmS7eVyamaha-r1-ban-do-cho-duong-dua-5820-1445324264-5625e5e875a58.jpg', 'yzf-r1', '2019-01-12 18:57:40', '2019-01-12 18:57:40'),
('6xjH3', 'Multistrada 1260', '1260', '4', '6', '<div class=\"titleBar\" style=\"margin: 10px 0px 8px; padding: 0px 10px; zoom: 1; color: rgb(20, 20, 20); font-family: Arial, Helvetica, sans-serif; float: inherit !important;\">\r\n<h1>Cận cảnh Ducati Multistrada 1260 S 2018 giá 748 triệu đồng phân phối tại Việt Nam</h1>\r\n</div>\r\n\r\n<blockquote><strong>Ducati Multistrada 1260 một chiếc đường trường thể thao đa dụng rất được yêu thích, tiếp nối sự thành công của dòng Multistrada 1200 trước đó, là dòng xe mang thiết kế hòa hợp 4 in 1 cân bằng giữa tính năng Sportbike, touring, enduro và naked bike. Bao gồm 3 phiên bản: thường, S, Pikes peak với mức giá được đề xuất từ 660 triệu đồng, tùy theo từng phiên bản.</strong><br />\r\n&nbsp;\r\n<div style=\"margin: 0px; padding: 0px; text-align: center;\"><img alt=\"Can canh Ducati Multistrada 1260 S 2018 gia 748 trieu dong phan phoi tai Viet Nam\" class=\"LbImage bbCodeImage\" src=\"https://s3.storage.2banh.vn/image/2018/07/can-canh-ducati-multistrada-1260-s-2018-phan-phoi-tai-viet-nam-5500-1531991420-5b50557c9d7fd.jpg\" style=\"border:0px; max-width:100%\" title=\"\" /><br />\r\n<em>Cận cảnh&nbsp;<strong><a class=\"Dnd_XenTag_TagLink\" href=\"https://www.2banh.vn/tags/ducati+multistrada+1260+s+2018/\" style=\"margin: 0px -3px; color: rgb(23, 96, 147); text-decoration-line: none; border-radius: 5px; padding: 0px 3px;\" title=\"Ducati Multistrada 1260 S 2018\">Ducati Multistrada 1260 S 2018</a></strong>&nbsp;giá&nbsp;<strong>748 triệu đồng</strong>&nbsp;phân phối tại Việt Nam.<br />\r\n<br />\r\n<img alt=\"Can canh Ducati Multistrada 1260 S 2018 gia 748 trieu dong phan phoi tai Viet Nam - 2\" class=\"LbImage bbCodeImage\" src=\"https://s1.storage.2banh.vn/image/2018/07/can-canh-ducati-multistrada-1260-2018-phan-phoi-tai-viet-nam-5500-1531989395-5b504d933cf58.jpg\" style=\"border:0px; max-width:100%\" title=\"\" /><br />\r\nHiện tại, Ducati đã nhận được chứng nhận CARB cho cả ba phiên bản của Ducati Multistrada 1260 2018, bao gồm: Multistrada bản thường, Multistrada S và đắt tiền nhất Pikes Peak, đồng thời Multistrada 1260 không được cung cấp phiên bản Enduro. Trong hình ảnh có được ở bài viết này là Multistrada 1260 S. Trên các phiên bản thường và S, điểm khác biệt duy nhất của xe là bộ mâm 5 cánh kép thiết kế mới.&nbsp;<br />\r\n<br />\r\n<img alt=\"Can canh Ducati Multistrada 1260 S 2018 gia 748 trieu dong phan phoi tai Viet Nam - 3\" class=\"LbImage bbCodeImage\" src=\"https://s3.storage.2banh.vn/image/2018/07/can-canh-ducati-multistrada-1260-s-2018-phan-phoi-tai-viet-nam-5500-1531989822-5b504f3e302ba.jpg\" style=\"border:0px; max-width:100%\" title=\"\" /><br />\r\nHệ thống đầu xe được Ducati thiết kế mang dáng vấp của một chú Đại bàng lớn trên bầy trời với cặp mắt sắc cạnh và 2 khe hút gió khá lớn bên dưới, bộ phận bảo vệ tay lái còn được tích hợp đèn báo rẽ cao cấp.<br />\r\n<br />\r\n<img alt=\"Can canh Ducati Multistrada 1260 S 2018 gia 748 trieu dong phan phoi tai Viet Nam - 4\" class=\"LbImage bbCodeImage\" src=\"https://s3.storage.2banh.vn/image/2018/07/can-canh-ducati-multistrada-1260-s-2018-phan-phoi-tai-viet-nam-5500-1531989964-5b504fccf2ee9.jpg\" style=\"border:0px; max-width:100%\" title=\"\" /><br />\r\nMultistrada 1260 là dòng xe Adventure cao cấp nên được Ducati đầu tư loạt công nghệ cao cấp bao gồm ABS biến thiên theo góc cua, đèn pha tự điều chỉnh góc chiếu theo hướng tay lái, hệ thống kiểm soát \"bốc đầu\", hệ thống điều khiển lực kéo, chuyển số nhanh cả 2 chiều lên xuống, giữ ga tự động thông minh Cruise Control. Bảng điều khiển của chiếc xe cũng là một màn hình TFT màu 5 inch với tính năng định vị GPS.<br />\r\n<br />\r\n<img alt=\"Can canh Ducati Multistrada 1260 S 2018 gia 748 trieu dong phan phoi tai Viet Nam - 5\" class=\"LbImage bbCodeImage\" src=\"https://s1.storage.2banh.vn/image/2018/07/can-canh-ducati-multistrada-1260-s-2018-phan-phoi-tai-viet-nam-5500-1531990071-5b505037351c1.jpg\" style=\"border:0px; max-width:100%\" title=\"\" /><br />\r\n<br />\r\n<img alt=\"Can canh Ducati Multistrada 1260 S 2018 gia 748 trieu dong phan phoi tai Viet Nam - 6\" class=\"LbImage bbCodeImage\" src=\"https://s3.storage.2banh.vn/image/2018/07/can-canh-ducati-multistrada-1260-s-2018-phan-phoi-tai-viet-nam-5500-1531990087-5b50504734471.jpg\" style=\"border:0px; max-width:100%\" title=\"\" /><br />\r\nXe có tổng cộng 4 chế độ lái khác nhau là Sport, Touring, Urban và Enduro. Trong đó, 2 chế độ đầu tiên sẽ cho phép động cơ phát huy tối đa sức mạnh 158 mã lực, và 2 chế độ còn lại giới hạn công suất ở 100 mã lực.<br />\r\n<br />\r\n<img alt=\"Can canh Ducati Multistrada 1260 S 2018 gia 748 trieu dong phan phoi tai Viet Nam - 7\" class=\"LbImage bbCodeImage\" src=\"https://s1.storage.2banh.vn/image/2018/07/can-canh-ducati-multistrada-1260-s-2018-phan-phoi-tai-viet-nam-5500-1531990126-5b50506eb5514.jpg\" style=\"border:0px; max-width:100%\" title=\"\" /><br />\r\nỞ phiên bản 2018 chiều cao yên được nâng cấp từ 825 đến 845 mm. Đuôi xe thiết kế hiện đại với đèn hậu LED, pát biển số và đèn tín hiệu rời.<br />\r\n<br />\r\n<img alt=\"Can canh Ducati Multistrada 1260 S 2018 gia 748 trieu dong phan phoi tai Viet Nam - 8\" class=\"LbImage bbCodeImage\" src=\"https://s3.storage.2banh.vn/image/2018/07/can-canh-ducati-multistrada-1260-s-2018-phan-phoi-tai-viet-nam-5500-1531990202-5b5050bacf4b3.jpg\" style=\"border:0px; max-width:100%\" title=\"\" /><br />\r\nTất cả các phiên bản đều sử dụng vành mâm đúc (trừ phiên bản Enduro) 17 inch với lốp Pirelli Scorpion Trail cỡ 120/70/17 trước và 190/55/17 sau. Tương tự như trước đây, phiên bản S và Pikes Peak sẽ sử dụng phanh Brembo M50 cao cấp, trong khi Multistrada 1260 bản thường chỉ sử dụng phanh Brembo 4 piston thường và trang bị hệ thống treo trước KYB, hệ thống treo bán tự động Ducati Skyhook Suspension (DSS) dành cho bản S, phiên bản Pikes Peak được trang bị cặp phuộc Ohlins 48 mm/TTX36.<br />\r\n<br />\r\n<img alt=\"Can canh Ducati Multistrada 1260 S 2018 gia 748 trieu dong phan phoi tai Viet Nam - 9\" class=\"LbImage bbCodeImage\" src=\"https://s1.storage.2banh.vn/image/2018/07/can-canh-ducati-multistrada-1260-s-2018-phan-phoi-tai-viet-nam-5500-1531990408-5b505188aa7b9.jpg\" style=\"border:0px; max-width:100%\" title=\"\" /><br />\r\nThay đổi lớn nhất ở Multistrada 1260 2018 nằm ở khối động cơ 1.262 cc L-Twin Testastretta 11° DS với hệ thống van biến thiên DVT, được Ducati lấy từ dòng cruiser XDiavel. Với công suất 158 mã lực và mô-men xoắn 129 Nm.<br />\r\n<br />\r\n<img alt=\"Can canh Ducati Multistrada 1260 S 2018 gia 748 trieu dong phan phoi tai Viet Nam - 10\" class=\"LbImage bbCodeImage\" src=\"https://s3.storage.2banh.vn/image/2018/07/can-canh-ducati-multistrada-1260-s-2018-phan-phoi-tai-viet-nam-5500-1531990505-5b5051e92c9cb.jpg\" style=\"border:0px; max-width:100%\" title=\"\" /><br />\r\nKhông chỉ riêng được nâng cấp động cơ, Ducati còn thiết kế lại bộ khung ống thép nhằm mang đến sự ổn định ở tốc độ cao và tăng góc lái từ 24 lên 25 độ. Chiều dài cơ sở cũng được tăng thêm 48 mm, đạt mức 1.585 mm.&nbsp;<br />\r\n<br />\r\n<img alt=\"Can canh Ducati Multistrada 1260 S 2018 gia 748 trieu dong phan phoi tai Viet Nam - 11\" class=\"LbImage bbCodeImage\" src=\"https://s1.storage.2banh.vn/image/2018/07/can-canh-ducati-multistrada-1260-s-2018-phan-phoi-tai-viet-nam-5500-1531990578-5b505232f4021.jpg\" style=\"border:0px; max-width:100%\" title=\"\" /><br />\r\nỞ phiên bản thường và S chỉ được trang bị ống xả kép tiêu chuẩn, chỉ riêng phiên bản Pikes Peak được trang bị hệ thống xả Termignoni.<br />\r\n<br />\r\n<img alt=\"Can canh Ducati Multistrada 1260 S 2018 gia 748 trieu dong phan phoi tai Viet Nam - 12\" class=\"LbImage bbCodeImage\" src=\"https://s3.storage.2banh.vn/image/2018/07/can-canh-ducati-multistrada-1260-s-2018-phan-phoi-tai-viet-nam-5500-1531990650-5b50527a8996c.jpg\" style=\"border:0px; max-width:100%\" title=\"\" /><br />\r\n<br />\r\n<img alt=\"Can canh Ducati Multistrada 1260 S 2018 gia 748 trieu dong phan phoi tai Viet Nam - 13\" class=\"LbImage bbCodeImage\" src=\"https://s1.storage.2banh.vn/image/2018/07/can-canh-ducati-multistrada-1260-s-2018-phan-phoi-tai-viet-nam-5500-1531990833-5b505331275c3.jpg\" style=\"border:0px; max-width:100%\" title=\"\" /><br />\r\nHệ thống treo sau Sarchs ở sau.<br />\r\n<br />\r\n<img alt=\"Can canh Ducati Multistrada 1260 S 2018 gia 748 trieu dong phan phoi tai Viet Nam - 14\" class=\"LbImage bbCodeImage\" src=\"https://s3.storage.2banh.vn/image/2018/07/can-canh-ducati-multistrada-1260-s-2018-phan-phoi-tai-viet-nam-5500-1531990877-5b50535daa623.jpg\" style=\"border:0px; max-width:100%\" title=\"\" /></em><br />\r\n&nbsp;\r\n<div style=\"margin: 0px; padding: 0px; text-align: left;\">-Multistrada 1260 phiên bản tiêu chuẩn:&nbsp;<strong>660,900,000 VND</strong><br />\r\n​</div>\r\n</div>\r\n\r\n<div style=\"margin: 0px; padding: 0px; text-align: left;\">-Multistrada 1260 phiên bản S:<br />\r\n<strong>(Màu đỏ): 743,900,000 VND</strong>/&nbsp;<strong>(Trắng/Xám):748,900,000VND</strong><br />\r\n<br />\r\n-Multistrada 1260 S phiên bản cao cấp Pikes Peak:&nbsp;<strong>853,900,000VND</strong>​</div>\r\n</blockquote>', 'VWyjDvWXWfcan-canh-ducati-multistrada-1260-2018-phan-phoi-tai-viet-nam-5500-1531989395-5b504d933cf58.jpg', 'multistrada-1260', '2019-01-12 19:42:54', '2019-01-12 19:42:54'),
('CSzMo', 'Monster 821', '821', '2', '6', '<div class=\"titleBar\" style=\"margin: 10px 0px 8px; padding: 0px 10px; zoom: 1; color: rgb(20, 20, 20); font-family: Arial, Helvetica, sans-serif; float: inherit !important;\">\r\n<h1>Ducati Monster 821 độ chất chơi với những món đồ chơi xa xỉ</h1>\r\n</div>\r\n\r\n<blockquote><strong><a class=\"Dnd_XenTag_TagLink\" href=\"https://www.2banh.vn/tags/ducati+monster+821/\" style=\"margin: 0px -3px; color: rgb(23, 96, 147); text-decoration-line: none; border-radius: 5px; padding: 0px 3px;\" title=\"Ducati Monster 821\">Ducati Monster 821</a></strong>&nbsp;mẫu&nbsp;<strong>nakedbike</strong>&nbsp;mới vừa ra mắt của hãng xe Ý đã thu hút sự quan tâm của anh em chơi xe&nbsp;<strong><a class=\"Dnd_XenTag_TagLink\" href=\"https://www.2banh.vn/tags/pkl/\" style=\"margin: 0px -3px; color: rgb(23, 96, 147); text-decoration-line: none; border-radius: 5px; padding: 0px 3px;\" title=\"PKL\">PKL</a></strong>&nbsp;bởi thiết kế mạnh mẽ và hầm hố được kế thừa từ đàn anh Monster 1200S, nay chiếc xe còn trở nên nổi bật và chất hơn khi được trang bị những món đồ chơi độ hàng hiệu đắt giá nhất hiện nay.<br />\r\n&nbsp;\r\n<div style=\"margin: 0px; padding: 0px; text-align: center;\"><em><img alt=\"Ducati Monster 821 do chat choi voi nhung mon do choi xa xi\" class=\"LbImage bbCodeImage\" src=\"https://s1.storage.2banh.vn/image/2015/08/ducati-monster-821-do-chat-choi-voi-nhung-mon-do-choi-xa-xi-9123-1440751312-55e01ed011690.jpg\" style=\"border:0px; max-width:100%\" /></em>\r\n\r\n<div class=\"tooltip fade top in\" id=\"tooltip961593\" style=\"margin: 0px; padding: 0px; position: relative; top: -534.335px; left: 0.0241394px;\">\r\n<div class=\"tooltip-arrow\" style=\"margin: 0px; padding: 0px; left: 50%;\">&nbsp;</div>\r\n\r\n<div class=\"tooltip-inner\" style=\"margin: 0px; padding: 0px;\">&nbsp;</div>\r\n</div>\r\n<br />\r\n<em><a class=\"Dnd_XenTag_TagLink\" href=\"https://www.2banh.vn/tags/ducati/\" style=\"margin: 0px -3px; color: rgb(23, 96, 147); text-decoration-line: none; border-radius: 5px; padding: 0px 3px;\" title=\"Ducati\">Ducati</a>&nbsp;<a class=\"Dnd_XenTag_TagLink\" href=\"https://www.2banh.vn/tags/monster+821/\" style=\"margin: 0px -3px; color: rgb(23, 96, 147); text-decoration-line: none; border-radius: 5px; padding: 0px 3px;\" title=\"Monster 821\">Monster 821</a>&nbsp;độ chất chơi với những món đồ chơi xa xỉ<br />\r\n<br />\r\n<img alt=\"Ducati Monster 821 do chat choi voi nhung mon do choi xa xi - 2\" class=\"LbImage bbCodeImage\" src=\"https://s1.storage.2banh.vn/image/2015/08/ducati-monster-821-do-chat-choi-voi-nhung-mon-do-choi-xa-xi-9123-1440751492-55e01f84c1e4f.jpg\" style=\"border:0px; max-width:100%\" /><br />\r\nXe được trang bị rất nhiều đồ chơi độ kiểng hàng hiệu như...<br />\r\n<br />\r\n<img alt=\"Ducati Monster 821 do chat choi voi nhung mon do choi xa xi - 3\" class=\"LbImage bbCodeImage\" src=\"https://s1.storage.2banh.vn/image/2015/08/ducati-monster-821-do-chat-choi-voi-nhung-mon-do-choi-xa-xi-9123-1440751508-55e01f944bbe8.jpg\" style=\"border:0px; max-width:100%\" /><br />\r\n<a class=\"Dnd_XenTag_TagLink\" href=\"https://www.2banh.vn/tags/tr%E1%BB%A3+l%E1%BB%B1c+ohlins/\" style=\"margin: 0px -3px; color: rgb(23, 96, 147); text-decoration-line: none; border-radius: 5px; padding: 0px 3px;\" title=\"Trợ lực Ohlins\">Trợ lực Ohlins</a><br />\r\n<br />\r\n<img alt=\"Ducati Monster 821 do chat choi voi nhung mon do choi xa xi - 4\" class=\"LbImage bbCodeImage\" src=\"https://s1.storage.2banh.vn/image/2015/08/ducati-monster-821-do-chat-choi-voi-nhung-mon-do-choi-xa-xi-9123-1440751520-55e01fa055262.jpg\" style=\"border:0px; max-width:100%\" /><br />\r\nCùm thắng&nbsp;<a class=\"Dnd_XenTag_TagLink\" href=\"https://www.2banh.vn/tags/brembo/\" style=\"margin: 0px -3px; color: rgb(23, 96, 147); text-decoration-line: none; border-radius: 5px; padding: 0px 3px;\" title=\"Brembo\">Brembo</a>&nbsp;RCS cùng bình dầu STM<br />\r\n<br />\r\n<img alt=\"Ducati Monster 821 do chat choi voi nhung mon do choi xa xi - 5\" class=\"LbImage bbCodeImage\" src=\"https://s1.storage.2banh.vn/image/2015/08/ducati-monster-821-do-chat-choi-voi-nhung-mon-do-choi-xa-xi-9123-1440751526-55e01fa6b2628.jpg\" style=\"border:0px; max-width:100%\" /><br />\r\n<a class=\"Dnd_XenTag_TagLink\" href=\"https://www.2banh.vn/tags/c%C3%B9m+c%C3%B4n+crg+gp/\" style=\"margin: 0px -3px; color: rgb(23, 96, 147); text-decoration-line: none; border-radius: 5px; padding: 0px 3px;\" title=\"Cùm côn CRG GP\">Cùm côn CRG GP</a><br />\r\n<br />\r\n<img alt=\"Ducati Monster 821 do chat choi voi nhung mon do choi xa xi - 6\" class=\"LbImage bbCodeImage\" src=\"https://s1.storage.2banh.vn/image/2015/08/ducati-monster-821-do-chat-choi-voi-nhung-mon-do-choi-xa-xi-9123-1440751555-55e01fc3c94c7.jpg\" style=\"border:0px; max-width:100%\" /><br />\r\nBao tay Domino cùng kiếng CRG<br />\r\n<br />\r\n<img alt=\"Ducati Monster 821 do chat choi voi nhung mon do choi xa xi - 7\" class=\"LbImage bbCodeImage\" src=\"https://s1.storage.2banh.vn/image/2015/08/ducati-monster-821-do-chat-choi-voi-nhung-mon-do-choi-xa-xi-9123-1440751563-55e01fcb1c691.jpg\" style=\"border:0px; max-width:100%\" /><br />\r\nĐèn xi nhan&nbsp;<a class=\"Dnd_XenTag_TagLink\" href=\"https://www.2banh.vn/tags/rizoma/\" style=\"margin: 0px -3px; color: rgb(23, 96, 147); text-decoration-line: none; border-radius: 5px; padding: 0px 3px;\" title=\"Rizoma\">Rizoma</a>&nbsp;Graffio&nbsp;<br />\r\n<br />\r\n<img alt=\"Ducati Monster 821 do chat choi voi nhung mon do choi xa xi - 8\" class=\"LbImage bbCodeImage\" src=\"https://s1.storage.2banh.vn/image/2015/08/ducati-monster-821-do-chat-choi-voi-nhung-mon-do-choi-xa-xi-9123-1440751692-55e0204cbfb5f.jpg\" style=\"border:0px; max-width:100%\" /><br />\r\n<img alt=\"Ducati Monster 821 do chat choi voi nhung mon do choi xa xi - 9\" class=\"LbImage bbCodeImage\" src=\"https://s1.storage.2banh.vn/image/2015/08/ducati-monster-821-do-chat-choi-voi-nhung-mon-do-choi-xa-xi-9123-1440751698-55e02052a198d.jpg\" style=\"border:0px; max-width:100%\" /><br />\r\n<img alt=\"Ducati Monster 821 do chat choi voi nhung mon do choi xa xi - 10\" class=\"LbImage bbCodeImage\" src=\"https://s1.storage.2banh.vn/image/2015/08/ducati-monster-821-do-chat-choi-voi-nhung-mon-do-choi-xa-xi-9123-1440751704-55e0205822938.jpg\" style=\"border:0px; max-width:100%\" /><br />\r\n<img alt=\"Ducati Monster 821 do chat choi voi nhung mon do choi xa xi - 11\" class=\"LbImage bbCodeImage\" src=\"https://s1.storage.2banh.vn/image/2015/08/ducati-monster-821-do-chat-choi-voi-nhung-mon-do-choi-xa-xi-9123-1440751713-55e0206163ea6.jpg\" style=\"border:0px; max-width:100%\" /><br />\r\nMột số trang bị trên xe được ốp carbon carbonetti<br />\r\n<br />\r\n<img alt=\"Ducati Monster 821 do chat choi voi nhung mon do choi xa xi - 12\" class=\"LbImage bbCodeImage\" src=\"https://s1.storage.2banh.vn/image/2015/08/ducati-monster-821-do-chat-choi-voi-nhung-mon-do-choi-xa-xi-9123-1440751748-55e02084b72ef.jpg\" style=\"border:0px; max-width:100%\" /><br />\r\nHeo Brembo GP4-RX Nickel<br />\r\n<br />\r\n<img alt=\"Ducati Monster 821 do chat choi voi nhung mon do choi xa xi - 13\" class=\"LbImage bbCodeImage\" src=\"https://s1.storage.2banh.vn/image/2015/08/ducati-monster-821-do-chat-choi-voi-nhung-mon-do-choi-xa-xi-9123-1440751764-55e02094d43b2.jpg\" style=\"border:0px; max-width:100%\" /><br />\r\nHệ thống dây dầu Earl\"s&nbsp;<br />\r\n<br />\r\n<img alt=\"Ducati Monster 821 do chat choi voi nhung mon do choi xa xi - 14\" class=\"LbImage bbCodeImage\" src=\"https://s1.storage.2banh.vn/image/2015/08/ducati-monster-821-do-chat-choi-voi-nhung-mon-do-choi-xa-xi-9123-1440751778-55e020a2c2e7d.jpg\" style=\"border:0px; max-width:100%\" /><br />\r\nChụp cốt trước Evotech<br />\r\n<br />\r\n<img alt=\"Ducati Monster 821 do chat choi voi nhung mon do choi xa xi - 15\" class=\"LbImage bbCodeImage\" src=\"https://s1.storage.2banh.vn/image/2015/08/ducati-monster-821-do-chat-choi-voi-nhung-mon-do-choi-xa-xi-9123-1440752010-55e0218aee93b.jpg\" style=\"border:0px; max-width:100%\" /><br />\r\nỐp lốc nồi CNC Racing<br />\r\n<br />\r\n<img alt=\"Ducati Monster 821 do chat choi voi nhung mon do choi xa xi - 16\" class=\"LbImage bbCodeImage\" src=\"https://s1.storage.2banh.vn/image/2015/08/ducati-monster-821-do-chat-choi-voi-nhung-mon-do-choi-xa-xi-9123-1440752019-55e02193c1eea.jpg\" style=\"border:0px; max-width:100%\" /><br />\r\nChống đổ lốc máy R&amp;G Racing<br />\r\n<br />\r\n<img alt=\"Ducati Monster 821 do chat choi voi nhung mon do choi xa xi - 17\" class=\"LbImage bbCodeImage\" src=\"https://s1.storage.2banh.vn/image/2015/08/ducati-monster-821-do-chat-choi-voi-nhung-mon-do-choi-xa-xi-9123-1440752025-55e02199971a3.jpg\" style=\"border:0px; max-width:100%\" /><br />\r\nNổi bật với ống dẫn nước tản nhiệt Samco Sport<br />\r\n<br />\r\n<img alt=\"Ducati Monster 821 do chat choi voi nhung mon do choi xa xi - 18\" class=\"LbImage bbCodeImage\" src=\"https://s1.storage.2banh.vn/image/2015/08/ducati-monster-821-do-chat-choi-voi-nhung-mon-do-choi-xa-xi-9123-1440752041-55e021a945011.jpg\" style=\"border:0px; max-width:100%\" /><br />\r\nHeo Brembo Billet cùng chụp cốt bánh sau Evotech&nbsp;<br />\r\n<br />\r\n<img alt=\"Ducati Monster 821 do chat choi voi nhung mon do choi xa xi - 19\" class=\"LbImage bbCodeImage\" src=\"https://s1.storage.2banh.vn/image/2015/08/ducati-monster-821-do-chat-choi-voi-nhung-mon-do-choi-xa-xi-9123-1440751532-55e01fac7de73.jpg\" style=\"border:0px; max-width:100%\" /><br />\r\nBình dầu cho phanh đĩa sau&nbsp;<br />\r\n<br />\r\n<img alt=\"Ducati Monster 821 do chat choi voi nhung mon do choi xa xi - 20\" class=\"LbImage bbCodeImage\" src=\"https://s1.storage.2banh.vn/image/2015/08/ducati-monster-821-do-chat-choi-voi-nhung-mon-do-choi-xa-xi-9123-1440752050-55e021b2812a3.jpg\" style=\"border:0px; max-width:100%\" /><br />\r\nCứng cáp và đầy uy lực với pô độ&nbsp;<a class=\"Dnd_XenTag_TagLink\" href=\"https://www.2banh.vn/tags/akrapovic+titanium/\" style=\"margin: 0px -3px; color: rgb(23, 96, 147); text-decoration-line: none; border-radius: 5px; padding: 0px 3px;\" title=\"Akrapovic Titanium\">Akrapovic Titanium</a>&nbsp;đen<br />\r\n<br />\r\n<img alt=\"Ducati Monster 821 do chat choi voi nhung mon do choi xa xi - 21\" class=\"LbImage bbCodeImage\" src=\"https://s1.storage.2banh.vn/image/2015/08/ducati-monster-821-do-chat-choi-voi-nhung-mon-do-choi-xa-xi-9123-1440752060-55e021bc2df8d.jpg\" style=\"border:0px; max-width:100%\" /><br />\r\nPas biển số R&amp;G<br />\r\n<br />\r\n<img alt=\"Ducati Monster 821 do chat choi voi nhung mon do choi xa xi - 22\" class=\"LbImage bbCodeImage\" src=\"https://s1.storage.2banh.vn/image/2015/08/ducati-monster-821-do-chat-choi-voi-nhung-mon-do-choi-xa-xi-9123-1440751379-55e01f13b08fa.jpg\" style=\"border:0px; max-width:100%\" /><br />\r\nMột phiên bản độ hoàn hảo đến từ Pekky Pro Superbike</em><br />\r\n​</div>\r\nDucati Monster 821 thừa hưởng thiết kế từ đàn anh Monster 1200, với gắp đôi, khung xe dạng ống. Monster 821 sử dụng động cơ Testastretta 11 độ L-twin dung tích 821 phân khối giống trên Hypermotard, làm mát bằng dung dịch, công suất 112 mã lực và mô-men xoắn cực đại 89 Nm. Hộp số 6 cấp và có 3 chế độ lái Touring, Sport và Urban..<br />\r\n<br />\r\nNgoài ra, chiếc nakedbike 821 phân khối còn trang bị những công nghệ như hệ thống điều khiển bướm ga điện tử, điều chỉnh chiều cao yên, hệ thống kiểm soát lực kéo 8 cấp và hệ thống phanh ABS 3 cấp</blockquote>', 'oTEZR18GLrducati-monster-821-do-chat-choi-voi-nhung-mon-do-choi-xa-xi-9123-1440751379-55e01f13b08fa.jpg', 'monster-821', '2019-01-12 19:26:13', '2019-01-12 19:26:13'),
('hgIkd', 'GSX R1000', '999', '1', '4', '<blockquote>\r\n<div class=\"titleBar\" style=\"margin: 10px 0px 8px; padding: 0px 10px; zoom: 1; color: rgb(20, 20, 20); font-family: Arial, Helvetica, sans-serif; float: inherit !important;\">\r\n<h1>Ông vua Sportbike\' Suzuki GSX-R1000 2017 chính thức về Việt Nam với giá khoảng 600 triệu Đồng</h1>\r\n</div>\r\n\r\n<blockquote><strong>Ngay tại thời điểm lần đầu tiên được giới thiệu hồi cuối năm ngoái,&nbsp;<a class=\"Dnd_XenTag_TagLink\" href=\"https://www.2banh.vn/tags/suzuki+gsx-r1000+2017/\" style=\"margin: 0px -3px; color: rgb(23, 96, 147); text-decoration-line: none; border-radius: 5px; padding: 0px 3px;\" title=\"Suzuki GSX-R1000 2017\">Suzuki GSX-R1000 2017</a>&nbsp;đã được mệnh danh là \"Ông vua của dòng Sportbike\".&nbsp;<a class=\"Dnd_XenTag_TagLink\" href=\"https://www.2banh.vn/tags/suzuki/\" style=\"margin: 0px -3px; color: rgb(23, 96, 147); text-decoration-line: none; border-radius: 5px; padding: 0px 3px;\" title=\"Suzuki\">Suzuki</a>&nbsp;khẳng định đây chiếc xe thể thao nhẹ nhất, mạnh mẽ nhất và xử lý tốt nhất của dòng&nbsp;<a class=\"Dnd_XenTag_TagLink\" href=\"https://www.2banh.vn/tags/gsx-r/\" style=\"margin: 0px -3px; color: rgb(23, 96, 147); text-decoration-line: none; border-radius: 5px; padding: 0px 3px;\" title=\"GSX-R\">GSX-R</a>&nbsp;mà họ từng sản xuất. Và chỉ sau vài tháng được ra mắt chính thức trên thế giới, mẫu Suzuki&nbsp;<a class=\"Dnd_XenTag_TagLink\" href=\"https://www.2banh.vn/tags/gsx-r1000-2017/\" style=\"margin: 0px -3px; color: rgb(23, 96, 147); text-decoration-line: none; border-radius: 5px; padding: 0px 3px;\" title=\"GSX-R1000 2017\">GSX-R1000 2017</a>&nbsp;đã chính thức có mặt tại thị trường Việt Nam với giá là 26.500 USD (tương đương hơn 600 triệu Đồng)</strong><br />\r\n&nbsp;\r\n<div style=\"margin: 0px; padding: 0px; text-align: center;\"><em><img alt=\"Ong vua Sportbike Suzuki GSXR1000 2017 chinh thuc ve Viet Nam voi gia khoang 600 trieu Dong\" class=\"LbImage bbCodeImage\" src=\"https://s1.storage.2banh.vn/image/2017/07/ong-vua-sportbike-suzuki-gsx-r1000-2017-chinh-thuc-ve-viet-nam-voi-gia-khoang-600-trieu-dong-40077-1499241126-595c9aa6547d0.jpg\" style=\"border:0px; max-width:100%\" /><br />\r\n\"Ông vua Sportbike\"&nbsp;<strong>Suzuki GSX-R1000 2017</strong>&nbsp;chính thức về Việt Nam với giá khoảng 600 triệu Đồng.</em>​</div>\r\n<br />\r\nThế hệ thứ 6 của dòng xe&nbsp;<strong>GSX-R1000</strong>&nbsp;được xem là chiếc xe thể thao cao cấp nhất của hãng&nbsp;<strong>Suzuki</strong>với hàng loạt các công nghệ tích hợp như 10 cấp hệ thống kiểm soát chống trượt, 3 chế độ lái, hệ thống chống bó cứng phanh ABS theo góc cua thế hệ mới, hệ thống sang số nhanh quick shift 2 chiều (phiên bản tuỳ chọn) và hệ thống chống trượt bánh khi dồn số gấp mới, S-DMS,... đây được xem là những điểm nhấn về mặt công nghệ của chiếc siêu xe mô tô&nbsp;<strong>GSX-R1000 2017</strong>.<br />\r\n&nbsp;\r\n<div style=\"margin: 0px; padding: 0px; text-align: center;\"><img alt=\"Ong vua Sportbike Suzuki GSXR1000 2017 chinh thuc ve Viet Nam voi gia khoang 600 trieu Dong - 2\" class=\"LbImage bbCodeImage\" src=\"https://s3.storage.2banh.vn/image/2017/07/ong-vua-sportbike-suzuki-gsx-r1000-2017-chinh-thuc-ve-viet-nam-voi-gia-khoang-600-trieu-dong-40077-1499239712-595c9520db6fa.jpg\" style=\"border:0px; max-width:100%\" />​</div>\r\n<br />\r\nVề kiểu dáng,&nbsp;<strong>Suzuki GSX-R1000 2017</strong>&nbsp;vẫn được xây dựng với ngôn ngữ thiết kế tương tự như những dòng GSX-R thế hệ trước, tuy nhiên mẫu xe mới lại sở hữu những đường nét thiết kế sắc sảo với nhiều chi tiết góc cạnh đầy tinh tế, thể thao và tối ưu hiệu quả khí động học hơn. Hệ thống đèn pha trước với tạo hình đơn giản hơn các thế hệ trước nhưng lại mang đến một vẻ ngoài hiện đại và hút hồn với bộ đèn pha đơn ở giữa kết hợp cùng hai dãy LED demi siêu sáng đầy phong cách. Phần đuôi sau cùng bộ đèn hậu cũng có thiết kế thu gọn và góc cạnh hơn chứ không còn to như ở thế hệ trước.<br />\r\n&nbsp;\r\n<div style=\"margin: 0px; padding: 0px; text-align: center;\"><img alt=\"Ong vua Sportbike Suzuki GSXR1000 2017 chinh thuc ve Viet Nam voi gia khoang 600 trieu Dong - 3\" class=\"LbImage bbCodeImage\" src=\"https://s3.storage.2banh.vn/image/2017/07/ong-vua-sportbike-suzuki-gsx-r1000-2017-chinh-thuc-ve-viet-nam-voi-gia-khoang-600-trieu-dong-40077-1499241176-595c9ad83443f.jpg\" style=\"border:0px; max-width:100%\" /><br />\r\n​</div>\r\n<strong>Suzuki GSX-R1000 2017</strong>&nbsp;sở hữu những kích thước tiêu chuẩn của một mẫu xe tốc độ với 2.075 x 710 x 1.150 mm (dài x rộng x cao), chiều dài cơ sở là 1.410 mm, cùng với chiều cao yên xe là 825 mm - với chiều cao này mẫu GSX-R1000 mới cũng không gây quá nhiều khó khăn cho vóc dáng của người châu Á, khoảng sáng gầm là 130 mm, được trang bị bình xăng 16 lít và có tổng trọng lượng vào khoảng 202 kg.<br />\r\n&nbsp;\r\n<div style=\"margin: 0px; padding: 0px; text-align: center;\"><img alt=\"Ong vua Sportbike Suzuki GSXR1000 2017 chinh thuc ve Viet Nam voi gia khoang 600 trieu Dong - 4\" class=\"LbImage bbCodeImage\" src=\"https://s3.storage.2banh.vn/image/2017/07/ong-vua-sportbike-suzuki-gsx-r1000-2017-chinh-thuc-ve-viet-nam-voi-gia-khoang-600-trieu-dong-40077-1499241280-595c9b40b4333.jpg\" style=\"border:0px; max-width:100%\" />​</div>\r\n<br />\r\n\"Trái tim\" của&nbsp;<strong>Suzuki GSX-R1000 2017</strong>&nbsp;đến từ khối&nbsp;<a class=\"Dnd_XenTag_TagLink\" href=\"https://www.2banh.vn/tags/%C4%91%E1%BB%99ng+c%C6%A1+4+xy-lanh/\" style=\"margin: 0px -3px; color: rgb(23, 96, 147); text-decoration-line: none; border-radius: 5px; padding: 0px 3px;\" title=\"động cơ 4 xy-lanh\">động cơ 4 xy-lanh</a>&nbsp;thẳng hàng,&nbsp;<a class=\"Dnd_XenTag_TagLink\" href=\"https://www.2banh.vn/tags/dohc/\" style=\"margin: 0px -3px; color: rgb(23, 96, 147); text-decoration-line: none; border-radius: 5px; padding: 0px 3px;\" title=\"DOHC\">DOHC</a>, được làm mát bằng dung tích với dung tích 999,8 phân khối và nổi bật với công nghệ van biến thời gian (SR-VVT) lần đầu tiên được ứng dụng trên một chiếc Sportbike. Sản sinh công suất tối đa 199,3 mã lực tại vòng tua máy 13.200 vòng/phút và mô-men xoắn cực đại 117,6 Nm tại vòng tua máy 10.800 vòng/phút, kết hợp cùng hộp số 6 cấp.&nbsp;<br />\r\n&nbsp;\r\n<div style=\"margin: 0px; padding: 0px; text-align: center;\"><img alt=\"Ong vua Sportbike Suzuki GSXR1000 2017 chinh thuc ve Viet Nam voi gia khoang 600 trieu Dong - 5\" class=\"LbImage bbCodeImage\" src=\"https://s1.storage.2banh.vn/image/2017/07/ong-vua-sportbike-suzuki-gsx-r1000-2017-chinh-thuc-ve-viet-nam-voi-gia-khoang-600-trieu-dong-40077-1499242525-595ca01d190c5.jpg\" style=\"border:0px; max-width:100%\" />​</div>\r\n<br />\r\nKhối động cơ đầy sức mạnh này nằm trong bộ khung sườn được làm từ hộp kim nhôm siêu nhẹ với thiết kế theo kiểu xe đua MotoGP, theo Suzuki cho biết bộ khung chính trên GSX-R1000 mới nhẹ hơn khoảng 1 kg so với trước đây, khung phụ phía sau cũng nhẹ hơn 1 kg.<br />\r\n<br />\r\nBên cạnh đó,&nbsp;<strong>Suzuki GSX-R1000 2017</strong>&nbsp;được trang bị hệ thống treo cứng cáp với phuộc trước Upside-down Showa BFF thế hệ mới với nhiều mức độ tùy chỉnh, phuộc sau monoshock của Showa BFRC. Hệ thống phanh đĩa kép 320mm cùng cặp heo Brembo cho bánh trước, lớn hơn trước 10 mm và phanh đĩa đơn sau 220 mm.<br />\r\n&nbsp;\r\n<div style=\"margin: 0px; padding: 0px; text-align: center;\"><img alt=\"Ong vua Sportbike Suzuki GSXR1000 2017 chinh thuc ve Viet Nam voi gia khoang 600 trieu Dong - 6\" class=\"LbImage bbCodeImage\" src=\"https://s3.storage.2banh.vn/image/2017/07/ong-vua-sportbike-suzuki-gsx-r1000-2017-chinh-thuc-ve-viet-nam-voi-gia-khoang-600-trieu-dong-40077-1499241224-595c9b08d7618.jpg\" style=\"border:0px; max-width:100%\" /><br />\r\n​</div>\r\nBộ vành 3 nan truyền thống cũng đã được loại bỏ và thay vào đó là bộ vành nhôm 6 nan thẳng lắp lốp Bridgestone RS10s kích cỡ 120/70-R17 cho bánh trước và 190/55-R17 cho bánh sau. Ưu điểm của bộ vành mới này đó là có trọng lượng nhẹ hơn và giúp cải thiện khả năng xử lý cho xe. Điểm mới tiếp theo trên chiếc&nbsp;<strong>GSX-R1000</strong>&nbsp;nằm ở cụm đồng hồ trung tâm với một màn hình full LCD hoàn toàn mang đến cảm giác rất hiện đại hiển thị đầy đủ những thông tin cần thiết, đây là xu hướng đang được nhiều hãng xe hiện nay áp dụng.<br />\r\n&nbsp;\r\n<div style=\"margin: 0px; padding: 0px; text-align: center;\"><img alt=\"Ong vua Sportbike Suzuki GSXR1000 2017 chinh thuc ve Viet Nam voi gia khoang 600 trieu Dong - 7\" class=\"LbImage bbCodeImage\" src=\"https://s1.storage.2banh.vn/image/2017/07/ong-vua-sportbike-suzuki-gsx-r1000-2017-chinh-thuc-ve-viet-nam-voi-gia-khoang-600-trieu-dong-40077-1499242558-595ca03e61b9a.jpg\" style=\"border:0px; max-width:100%\" />​</div>\r\n<br />\r\nHiện&nbsp;<strong><a class=\"Dnd_XenTag_TagLink\" href=\"https://www.2banh.vn/tags/gi%C3%A1+suzuki+gsx-r1000+2017/\" style=\"margin: 0px -3px; color: rgb(23, 96, 147); text-decoration-line: none; border-radius: 5px; padding: 0px 3px;\" title=\"giá Suzuki GSX-R1000 2017\">giá Suzuki GSX-R1000 2017</a></strong>&nbsp;tại thị trường Việt Nam đang được phân phối bởi các đại lý tư nhân kinh doanh xe mô tô trong nước là 26.500 USD (tương đương hơn 600 triệu Đồng).<br />\r\n<br />\r\nMột số hình ảnh chi tiết mẫu Suzuki GSX-R1000 2017 tại Việt Nam:<br />\r\n&nbsp;\r\n<div style=\"margin: 0px; padding: 0px; text-align: center;\"><img alt=\"Ong vua Sportbike Suzuki GSXR1000 2017 chinh thuc ve Viet Nam voi gia khoang 600 trieu Dong - 8\" class=\"LbImage bbCodeImage\" src=\"https://s1.storage.2banh.vn/image/2017/07/ong-vua-sportbike-suzuki-gsx-r1000-2017-chinh-thuc-ve-viet-nam-voi-gia-khoang-600-trieu-dong-40077-1499242631-595ca0871aed5.jpg\" style=\"border:0px; max-width:100%\" /><br />\r\n<img alt=\"Ong vua Sportbike Suzuki GSXR1000 2017 chinh thuc ve Viet Nam voi gia khoang 600 trieu Dong - 9\" class=\"LbImage bbCodeImage\" src=\"https://s3.storage.2banh.vn/image/2017/07/ong-vua-sportbike-suzuki-gsx-r1000-2017-chinh-thuc-ve-viet-nam-voi-gia-khoang-600-trieu-dong-40077-1499241328-595c9b7087ece.jpg\" style=\"border:0px; max-width:100%\" /><br />\r\n<img alt=\"Ong vua Sportbike Suzuki GSXR1000 2017 chinh thuc ve Viet Nam voi gia khoang 600 trieu Dong - 10\" class=\"LbImage bbCodeImage\" src=\"https://s3.storage.2banh.vn/image/2017/07/ong-vua-sportbike-suzuki-gsx-r1000-2017-chinh-thuc-ve-viet-nam-voi-gia-khoang-600-trieu-dong-40077-1499241350-595c9b8699a60.jpg\" style=\"border:0px; max-width:100%\" /><br />\r\n<img alt=\"Ong vua Sportbike Suzuki GSXR1000 2017 chinh thuc ve Viet Nam voi gia khoang 600 trieu Dong - 11\" class=\"LbImage bbCodeImage\" src=\"https://s1.storage.2banh.vn/image/2017/07/ong-vua-sportbike-suzuki-gsx-r1000-2017-chinh-thuc-ve-viet-nam-voi-gia-khoang-600-trieu-dong-40077-1499242668-595ca0ac2e515.jpg\" style=\"border:0px; max-width:100%\" /><br />\r\n<img alt=\"Ong vua Sportbike Suzuki GSXR1000 2017 chinh thuc ve Viet Nam voi gia khoang 600 trieu Dong - 12\" class=\"LbImage bbCodeImage\" src=\"https://s3.storage.2banh.vn/image/2017/07/ong-vua-sportbike-suzuki-gsx-r1000-2017-chinh-thuc-ve-viet-nam-voi-gia-khoang-600-trieu-dong-40077-1499241381-595c9ba59b99e.jpg\" style=\"border:0px; max-width:100%\" /><br />\r\n<img alt=\"Ong vua Sportbike Suzuki GSXR1000 2017 chinh thuc ve Viet Nam voi gia khoang 600 trieu Dong - 13\" class=\"LbImage bbCodeImage\" src=\"https://s3.storage.2banh.vn/image/2017/07/ong-vua-sportbike-suzuki-gsx-r1000-2017-chinh-thuc-ve-viet-nam-voi-gia-khoang-600-trieu-dong-40077-1499241381-595c9ba56bf49.jpg\" style=\"border:0px; max-width:100%\" /><img alt=\"Ong vua Sportbike Suzuki GSXR1000 2017 chinh thuc ve Viet Nam voi gia khoang 600 trieu Dong - 14\" class=\"LbImage bbCodeImage\" src=\"https://s1.storage.2banh.vn/image/2017/07/ong-vua-sportbike-suzuki-gsx-r1000-2017-chinh-thuc-ve-viet-nam-voi-gia-khoang-600-trieu-dong-40077-1499242699-595ca0cb2b6d9.jpg\" style=\"border:0px; max-width:100%\" /><img alt=\"Ong vua Sportbike Suzuki GSXR1000 2017 chinh thuc ve Viet Nam voi gia khoang 600 trieu Dong - 15\" class=\"LbImage bbCodeImage\" src=\"https://s1.storage.2banh.vn/image/2017/07/ong-vua-sportbike-suzuki-gsx-r1000-2017-chinh-thuc-ve-viet-nam-voi-gia-khoang-600-trieu-dong-40077-1499242699-595ca0cb37fa7.jpg\" style=\"border:0px; max-width:100%\" /><br />\r\n<img alt=\"Ong vua Sportbike Suzuki GSXR1000 2017 chinh thuc ve Viet Nam voi gia khoang 600 trieu Dong - 16\" class=\"LbImage bbCodeImage\" src=\"https://s1.storage.2banh.vn/image/2017/07/ong-vua-sportbike-suzuki-gsx-r1000-2017-chinh-thuc-ve-viet-nam-voi-gia-khoang-600-trieu-dong-40077-1499242730-595ca0ea17e80.jpg\" style=\"border:0px; max-width:100%\" /><br />\r\n<img alt=\"Ong vua Sportbike Suzuki GSXR1000 2017 chinh thuc ve Viet Nam voi gia khoang 600 trieu Dong - 17\" class=\"LbImage bbCodeImage\" src=\"https://s3.storage.2banh.vn/image/2017/07/ong-vua-sportbike-suzuki-gsx-r1000-2017-chinh-thuc-ve-viet-nam-voi-gia-khoang-600-trieu-dong-40077-1499241425-595c9bd1d019f.jpg\" style=\"border:0px; max-width:100%\" /><br />\r\n<img alt=\"Ong vua Sportbike Suzuki GSXR1000 2017 chinh thuc ve Viet Nam voi gia khoang 600 trieu Dong - 18\" class=\"LbImage bbCodeImage\" src=\"https://s1.storage.2banh.vn/image/2017/07/ong-vua-sportbike-suzuki-gsx-r1000-2017-chinh-thuc-ve-viet-nam-voi-gia-khoang-600-trieu-dong-40077-1499242769-595ca1113a174.jpg\" style=\"border:0px; max-width:100%\" /><br />\r\n<img alt=\"Ong vua Sportbike Suzuki GSXR1000 2017 chinh thuc ve Viet Nam voi gia khoang 600 trieu Dong - 19\" class=\"LbImage bbCodeImage\" src=\"https://s1.storage.2banh.vn/image/2017/07/ong-vua-sportbike-suzuki-gsx-r1000-2017-chinh-thuc-ve-viet-nam-voi-gia-khoang-600-trieu-dong-40077-1499242769-595ca11111dd3.jpg\" style=\"border:0px; max-width:100%\" /><img alt=\"Ong vua Sportbike Suzuki GSXR1000 2017 chinh thuc ve Viet Nam voi gia khoang 600 trieu Dong - 20\" class=\"LbImage bbCodeImage\" src=\"https://s3.storage.2banh.vn/image/2017/07/ong-vua-sportbike-suzuki-gsx-r1000-2017-chinh-thuc-ve-viet-nam-voi-gia-khoang-600-trieu-dong-40077-1499241451-595c9bebbf813.jpg\" style=\"border:0px; max-width:100%\" /><br />\r\n<img alt=\"Ong vua Sportbike Suzuki GSXR1000 2017 chinh thuc ve Viet Nam voi gia khoang 600 trieu Dong - 21\" class=\"LbImage bbCodeImage\" src=\"https://s1.storage.2banh.vn/image/2017/07/ong-vua-sportbike-suzuki-gsx-r1000-2017-chinh-thuc-ve-viet-nam-voi-gia-khoang-600-trieu-dong-40077-1499242832-595ca1506308d.jpg\" style=\"border:0px; max-width:100%\" /><br />\r\n<img alt=\"Ong vua Sportbike Suzuki GSXR1000 2017 chinh thuc ve Viet Nam voi gia khoang 600 trieu Dong - 22\" class=\"LbImage bbCodeImage\" src=\"https://s3.storage.2banh.vn/image/2017/07/ong-vua-sportbike-suzuki-gsx-r1000-2017-chinh-thuc-ve-viet-nam-voi-gia-khoang-600-trieu-dong-40077-1499241515-595c9c2b6285f.jpg\" style=\"border:0px; max-width:100%\" /><br />\r\n<img alt=\"Ong vua Sportbike Suzuki GSXR1000 2017 chinh thuc ve Viet Nam voi gia khoang 600 trieu Dong - 23\" class=\"LbImage bbCodeImage\" src=\"https://s1.storage.2banh.vn/image/2017/07/ong-vua-sportbike-suzuki-gsx-r1000-2017-chinh-thuc-ve-viet-nam-voi-gia-khoang-600-trieu-dong-40077-1499242832-595ca150afc11.jpg\" style=\"border:0px; max-width:100%\" /><img alt=\"Ong vua Sportbike Suzuki GSXR1000 2017 chinh thuc ve Viet Nam voi gia khoang 600 trieu Dong - 24\" class=\"LbImage bbCodeImage\" src=\"https://s3.storage.2banh.vn/image/2017/07/ong-vua-sportbike-suzuki-gsx-r1000-2017-chinh-thuc-ve-viet-nam-voi-gia-khoang-600-trieu-dong-40077-1499241515-595c9c2b34c4e.jpg\" style=\"border:0px; max-width:100%\" /><br />\r\n<img alt=\"Ong vua Sportbike Suzuki GSXR1000 2017 chinh thuc ve Viet Nam voi gia khoang 600 trieu Dong - 25\" class=\"LbImage bbCodeImage\" src=\"https://s1.storage.2banh.vn/image/2017/07/ong-vua-sportbike-suzuki-gsx-r1000-2017-chinh-thuc-ve-viet-nam-voi-gia-khoang-600-trieu-dong-40077-1499242832-595ca150e6854.jpg\" style=\"border:0px; max-width:100%\" /><br />\r\n<img alt=\"Ong vua Sportbike Suzuki GSXR1000 2017 chinh thuc ve Viet Nam voi gia khoang 600 trieu Dong - 26\" class=\"LbImage bbCodeImage\" src=\"https://s1.storage.2banh.vn/image/2017/07/ong-vua-sportbike-suzuki-gsx-r1000-2017-chinh-thuc-ve-viet-nam-voi-gia-khoang-600-trieu-dong-40077-1499242832-595ca15047316.jpg\" style=\"border:0px; max-width:100%\" /><br />\r\n<img alt=\"Ong vua Sportbike Suzuki GSXR1000 2017 chinh thuc ve Viet Nam voi gia khoang 600 trieu Dong - 27\" class=\"LbImage bbCodeImage\" src=\"https://s3.storage.2banh.vn/image/2017/07/ong-vua-sportbike-suzuki-gsx-r1000-2017-chinh-thuc-ve-viet-nam-voi-gia-khoang-600-trieu-dong-40077-1499241515-595c9c2b6039d.jpg\" style=\"border:0px; max-width:100%\" /><br />\r\n<img alt=\"Ong vua Sportbike Suzuki GSXR1000 2017 chinh thuc ve Viet Nam voi gia khoang 600 trieu Dong - 28\" class=\"LbImage bbCodeImage\" src=\"https://s3.storage.2banh.vn/image/2017/07/ong-vua-sportbike-suzuki-gsx-r1000-2017-chinh-thuc-ve-viet-nam-voi-gia-khoang-600-trieu-dong-40077-1499241514-595c9c2aa717e.jpg\" style=\"border:0px; max-width:100%\" /><br />\r\n<img alt=\"Ong vua Sportbike Suzuki GSXR1000 2017 chinh thuc ve Viet Nam voi gia khoang 600 trieu Dong - 29\" class=\"LbImage bbCodeImage\" src=\"https://s3.storage.2banh.vn/image/2017/07/ong-vua-sportbike-suzuki-gsx-r1000-2017-chinh-thuc-ve-viet-nam-voi-gia-khoang-600-trieu-dong-40077-1499241514-595c9c2a900e4.jpg\" style=\"border:0px; max-width:100%\" /><img alt=\"Ong vua Sportbike Suzuki GSXR1000 2017 chinh thuc ve Viet Nam voi gia khoang 600 trieu Dong - 30\" class=\"LbImage bbCodeImage\" src=\"https://s1.storage.2banh.vn/image/2017/07/ong-vua-sportbike-suzuki-gsx-r1000-2017-chinh-thuc-ve-viet-nam-voi-gia-khoang-600-trieu-dong-40077-1499242832-595ca15044a87.jpg\" style=\"border:0px; max-width:100%\" /></div>\r\n</blockquote>\r\n&nbsp;\r\n\r\n<div style=\"margin: 0px; padding: 0px; text-align: center;\">&nbsp;</div>\r\n</blockquote>', 'XbgQnhoNDMong-vua-sportbike-suzuki-gsx-r1000-2017-chinh-thuc-ve-viet-nam-voi-gia-khoang-600-trieu-dong-40077-1499241126-595c9aa6547d0.jpg', 'gsx-r1000', '2019-01-12 19:50:51', '2019-01-12 19:50:51');
INSERT INTO `motorbike` (`id`, `name`, `capacity`, `id_motorbike_type`, `id_manufacturer`, `description`, `thumbnail`, `unsigned_title`, `updated_at`, `created_at`) VALUES
('IZ8l0', 'GSX R1000', '999', '1', '4', '<div class=\"titleBar\" style=\"margin: 10px 0px 8px; padding: 0px 10px; zoom: 1; color: rgb(20, 20, 20); font-family: Arial, Helvetica, sans-serif; float: inherit !important;\">\r\n<h1>Vì sao Suzuki GSX-R1000 được đánh giá là Sportbike tốt nhất năm 2017 ?</h1>\r\n</div>\r\n\r\n<blockquote><strong>Không ngoa khi nói rằng, \"<a class=\"Dnd_XenTag_TagLink\" href=\"https://www.2banh.vn/tags/gsx-r1000-2017/\" style=\"margin: 0px -3px; color: rgb(23, 96, 147); text-decoration-line: none; border-radius: 5px; padding: 0px 3px;\" title=\"GSX-R1000 2017\">GSX-R1000 2017</a>\" là thành tựu của hãng xe Suzuki trong năm nay, ngay tự thời điểm ra mắt, hãng xe Nhật Bản đã khẳng định đây chính là mẫu&nbsp;<a class=\"Dnd_XenTag_TagLink\" href=\"https://www.2banh.vn/tags/sportbike/\" style=\"margin: 0px -3px; color: rgb(23, 96, 147); text-decoration-line: none; border-radius: 5px; padding: 0px 3px;\" title=\"Sportbike\">Sportbike</a>&nbsp;nhanh và nhẹ nhất mà hãng từng sản xuất. Và mới đây mẫu&nbsp;<a class=\"Dnd_XenTag_TagLink\" href=\"https://www.2banh.vn/tags/suzuki+gsx-r1000+2017/\" style=\"margin: 0px -3px; color: rgb(23, 96, 147); text-decoration-line: none; border-radius: 5px; padding: 0px 3px;\" title=\"Suzuki GSX-R1000 2017\">Suzuki GSX-R1000 2017</a>&nbsp;<strong>được độc giả trang Visordown bình chọn là mẫu Sportbike tốt nhất phân khúc trong năm nay. Vậy vì sao&nbsp;<strong>GSX-R1000 2017 lại thành công đến vậy ?</strong></strong></strong><br />\r\n&nbsp;\r\n<div style=\"margin: 0px; padding: 0px; text-align: center;\"><strong><img alt=\"Vi sao Suzuki GSXR1000 duoc danh gia la Sportbike tot nhat nam 2017\" class=\"LbImage bbCodeImage\" src=\"https://s3.storage.2banh.vn/image/2017/12/li-do-suzuki-gsx-r1000-duoc-danh-gia-la-superbike-tot-nhat-cho-nam-2017-7121-1514256270-5a41b78edd4bc.jpg\" style=\"border:0px; max-width:100%\" /></strong><br />\r\n<em>Suzuki GSX-R1000 được đánh giá là Sportbike tốt nhất năm 2017 được độc giả trang Visordown bình chọn.<br />\r\n<br />\r\n<img alt=\"Vi sao Suzuki GSXR1000 duoc danh gia la Sportbike tot nhat nam 2017 - 2\" class=\"LbImage bbCodeImage\" src=\"https://s1.storage.2banh.vn/image/2017/12/li-do-suzuki-gsx-r1000-duoc-danh-gia-la-superbike-tot-nhat-cho-nam-2017-7121-1514256290-5a41b7a2b2b01.jpg\" style=\"border:0px; max-width:100%\" /></em>​</div>\r\nTheo quan điểm của tôi, sự thành công của mẫu Suzuki GSX-R1000 trong phân khúc Sportbike trong năm nay một phần là nhờ các đối thủ khác như Yamaha R1, Ducati 1299 Panigale, BMW S1000RR, Kawasaki Ninja ZX-10R... không có nhiều thay đổi và nâng cấp trong năm 2017 này và đối thủ cạnh tranh trực tiếp với GSX-R1000 trong năm nay chỉ duy nhất là mẫu Honda CBR1000RR hoàn toàn mới, việc ít đi đối thủ cạnh tranh cũng một phần giúp mẫu xe Sportbike của Suzuki dành được nhiều bình chọn.\r\n\r\n<div style=\"margin: 0px; padding: 0px; text-align: center;\"><br />\r\n<img alt=\"Vi sao Suzuki GSXR1000 duoc danh gia la Sportbike tot nhat nam 2017 - 3\" class=\"LbImage bbCodeImage\" src=\"https://s3.storage.2banh.vn/image/2017/12/li-do-suzuki-gsx-r1000-duoc-danh-gia-la-superbike-tot-nhat-cho-nam-2017-7121-1514257451-5a41bc2ba8bb4.jpg\" style=\"border:0px; max-width:100%\" />​</div>\r\nNhưng cũng không thể nào phủ nhận những nâng cấp và thay đổi vượt trội ở mẫu GSX-R1000 thế hệ thứ 6 này. Ngay tại thời điểm ra mắt, hãng xe Nhật Bản đã mạnh dạng khi khẳng định \"đứa con cưng\" của mình là \"King of Sportbike\" - mẫu xe không chỉ sở hữu một vẻ ngoài hoàn toàn mới khí động học hơn và cũng đẹp và thể thao hơn khi so với phiên bản cũ, mà ở phiên bản mới này GSX-R1000 còn được trang bị khối động cơ hoàn toàn mới với nhiều công nghệ tiên tiến được tích hợp.\r\n\r\n<div style=\"margin: 0px; padding: 0px; text-align: center;\"><br />\r\n<em><img alt=\"Vi sao Suzuki GSXR1000 duoc danh gia la Sportbike tot nhat nam 2017 - 4\" class=\"LbImage bbCodeImage\" src=\"https://s3.storage.2banh.vn/image/2017/12/li-do-suzuki-gsx-r1000-duoc-danh-gia-la-superbike-tot-nhat-cho-nam-2017-7121-1514256817-5a41b9b16fc3d.jpg\" style=\"border:0px; max-width:100%\" /></em>​</div>\r\n\r\n<div style=\"margin: 0px; padding: 0px; text-align: left;\">Đầu tiên, hãy nói về thiết kế mới của mẫu xe này, nếu so với các phiên bản trước thì mẫu GSX-R1000 thế hệ mới này mang một vẻ ngoài mạnh mẽ và thể thao hơn rất nhiều, vẫn là những đường nét thiết kế đặc trưng của Suzuki nhưng chiếc xe này lại sở hữu một thiết kế mang tính khí động học cao hơn tương tự như chiếc GSX-RR trên đường đua MotoGP. Bên cạnh đó, mẫu GSX-R1000 thế hệ mới này còn sở hữu bộ khung nhỏ và khá nhẹ như chiều rộng nhỏ và nhẹ hơn 10% so với thế hệ tiền nhiệm, trọng lượng ấn tượng ở mức 202kg, cho ra công suất cực đỉnh 202 mã lực, tạo ra tỷ lệ công suất/trọng lượng là 1/1, phải nói đây là một con số vô cùng ấn tượng trên một mẫu xe Sportbike ở thời điểm hiện tại.​</div>\r\n\r\n<div style=\"margin: 0px; padding: 0px; text-align: center;\"><br />\r\n<em><img alt=\"Vi sao Suzuki GSXR1000 duoc danh gia la Sportbike tot nhat nam 2017 - 5\" class=\"LbImage bbCodeImage\" src=\"https://s1.storage.2banh.vn/image/2017/12/li-do-suzuki-gsx-r1000-duoc-danh-gia-la-superbike-tot-nhat-cho-nam-2017-7121-1514258423-5a41bff7296ab.jpg\" style=\"border:0px; max-width:100%\" /><br />\r\nSo với đối thủ CBR1000RR 2017 với những thay đổi về cả diện mạo và hiệu suất động cơ thì GSX-R1000 2017 vẫn nhỉnh hơn về mặt thông số động cơ .</em><br />\r\n​</div>\r\nVề động cơ, Suzuki GSX-R1000 2017 trang bị khối động cơ 4 xy-lanh thẳng hàng, dung tích 999,8 cc, sản sinh công suất tối đa 202 mã lực tại vòng tua máy 13.200 vòng/phút và mô-men xoắn cực đại 117,6 Nm tại vòng tua máy 10.800 vòng/phút. Và nếu so với đối thủ trực tiếp trong năm nay là CBR1000RR 2017 cũng được trang bị động cơ 4 xi-lanh thẳng hàng, dung tích 998 cc, công suất cực đại 189 mã lực tại 13.000 vòng/phút và mô-men xoắn cực đại 116 Nm tại 11.000 vòng/phút, thì mẫu Suzuki GSX-R1000 2017 được đánh giá nhỉnh hơn về thông số.\r\n\r\n<div style=\"margin: 0px; padding: 0px; text-align: center;\"><br />\r\n<em><img alt=\"Vi sao Suzuki GSXR1000 duoc danh gia la Sportbike tot nhat nam 2017 - 6\" class=\"LbImage bbCodeImage\" src=\"https://s3.storage.2banh.vn/image/2017/12/li-do-suzuki-gsx-r1000-duoc-danh-gia-la-superbike-tot-nhat-cho-nam-2017-7121-1514257594-5a41bcbae9706.jpg\" style=\"border:0px; max-width:100%\" /></em>​</div>\r\nCông nghệ động cơ của Suzuki GSX-R1000 thế hệ mới cũng vượt trội hơn so với đối thủ cạnh tranh nhờ có hệ thống valve biến thiên thông minh (VVT) mà Suzuki đã phát triển cho xe đua mới MotoGP. Điểm tốt nhất về hệ thống VVT của Suzuki chính là sự đơn giản, tích hợp vào trong các thành phần hiện có và không chiếm thêm bất kỳ không gian nào của đầu xi lanh. Nó cũng không hút nhiều điện năng và dường như yêu cầu bảo trí rất ít cũng như chỉ tăng thêm rất ít trọng lượng thêm vào động cơ. Ngoài ra xe trang bị bộ đo lường quán tính IMU sáu hướng liên tục theo dõi tình trạng của chiếc xe, như gia tốc và góc nghiêng, sau đó gửi thông tin lên hệ thống kiểm soát lực kéo Motion Track 10 cấp. Trong khi đó, hệ thống ABS cũng đọc thông tin từ IMU để cung cấp lực phanh phù hợp tốc độ.\r\n\r\n<div style=\"margin: 0px; padding: 0px; text-align: center;\"><br />\r\n<em><img alt=\"Vi sao Suzuki GSXR1000 duoc danh gia la Sportbike tot nhat nam 2017 - 7\" class=\"LbImage bbCodeImage\" src=\"https://s3.storage.2banh.vn/image/2017/12/li-do-suzuki-gsx-r1000-duoc-danh-gia-la-superbike-tot-nhat-cho-nam-2017-7121-1514257236-5a41bb5495826.jpg\" style=\"border:0px; max-width:100%\" /></em>​</div>\r\n\r\n<div style=\"margin: 0px; padding: 0px; text-align: left;\">Trong lịch sử, GSX-R là gia đình xe thể thao lâu đời, giới thiệu lần đầu từ năm 1984 với mẫu 750 và ngày nay được xem là một mẫu xe thể thao cổ điển trường tồn lâu dài. Trong phân khúc xe đường phố được chuyển sang mẫu xe đua, GSX-R chính là mẫu siêu xe đua đầu tiên có hiệu quả và có thể chạy cả ở đường phố, chiến thắng không biết bao nhiều danh hiệu trên thế giới và sánh ngang với một loạt huyền thoại khác.​</div>\r\n\r\n<div style=\"margin: 0px; padding: 0px; text-align: center;\"><br />\r\n<img alt=\"Vi sao Suzuki GSXR1000 duoc danh gia la Sportbike tot nhat nam 2017 - 8\" class=\"LbImage bbCodeImage\" src=\"https://s3.storage.2banh.vn/image/2017/12/li-do-suzuki-gsx-r1000-duoc-danh-gia-la-superbike-tot-nhat-cho-nam-2017-7121-1514258688-5a41c100001ac.jpg\" style=\"border:0px; max-width:100%\" />​</div>\r\n\r\n<div style=\"margin: 0px; padding: 0px; text-align: left;\">Với những thay đổi và cải tiến đáng kể của GSX-R1000 trong năm nay đã cho thấy được sự tiến bộ vượt trội của mẫu xe này so với các đối thủ cùng phân khúc như Yamaha R1, Kawasaki ZX-10R, BMW S1000RR, CBR1000RR 2017,... với khối động cơ được tinh chỉnh ở mức cao hơn khiến nó đứng vững ở vị thế \"vua của dòng siêu mô tô\" mà Suzuki đặt ra, khiến nó được đánh giá là Superbike tốt nhất trong năm 2017 do độc giả trang Visordown bình chọn.​</div>\r\n</blockquote>', '61BMXKdUKIli-do-suzuki-gsx-r1000-duoc-danh-gia-la-superbike-tot-nhat-cho-nam-2017-7121-1514257236-5a41bb5495826.jpg', 'gsx-r1000', '2019-01-12 19:45:27', '2019-01-12 19:45:27'),
('KIaqa', 'YZF - R1', '999', '1', '1', '<div class=\"titleBar\" style=\"margin: 10px 0px 8px; padding: 0px 10px; zoom: 1; color: rgb(20, 20, 20); font-family: Arial, Helvetica, sans-serif; float: inherit !important;\">\r\n<h1>Yamaha R1 đầy lịch lãm qua hình phong cá mập Shark</h1>\r\n</div>\r\n\r\n<blockquote><strong><a class=\"Dnd_XenTag_TagLink\" href=\"https://www.2banh.vn/tags/yamaha+r1/\" style=\"margin: 0px -3px; color: rgb(23, 96, 147); text-decoration-line: none; border-radius: 5px; padding: 0px 3px;\" title=\"Yamaha R1\">Yamaha R1</a>&nbsp;là superbike đi theo lịch sử lâu đời của hãng xe Nhật, với cốt cách là Superbike đại diện hàng đầu cạnh tranh trực tiếp với các đối thủ khác khiến nó khá đươc yêu chuộng và mến mộ bởi khối động cơ crossplane đặc thù, dưới đây là bản độ của một biker thái dựa trên nguyên bản&nbsp;<a class=\"Dnd_XenTag_TagLink\" href=\"https://www.2banh.vn/tags/r1/\" style=\"margin: 0px -3px; color: rgb(23, 96, 147); text-decoration-line: none; border-radius: 5px; padding: 0px 3px;\" title=\"R1\">R1</a>&nbsp;thế hệ 2008 trong hình thù cá mập đậm chất chơi.</strong><br />\r\n&nbsp;\r\n<div style=\"margin: 0px; padding: 0px; text-align: center;\"><strong><img alt=\"Yamaha R1 day lich lam qua hinh phong ca map Shark\" class=\"LbImage bbCodeImage\" src=\"https://s1.storage.2banh.vn/image/2018/05/yamaha-r1-day-lich-lam-qua-hinh-phong-ca-map-shark-7121-1525584085-5aee90d544c03.jpg\" style=\"border:0px; max-width:100%\" /></strong><br />\r\n<em>Yamaha R1 đầy lịch lãm qua hình phong cá mập Shark.<br />\r\n<br />\r\n<img alt=\"Yamaha R1 day lich lam qua hinh phong ca map Shark - 3\" class=\"LbImage bbCodeImage\" src=\"https://s3.storage.2banh.vn/image/2018/05/yamaha-r1-day-lich-lam-qua-hinh-phong-ca-map-shark-7121-1525584119-5aee90f7c549f.jpg\" style=\"border:0px; max-width:100%\" /><br />\r\nGiữ nguyên thiết kế nguyên bản nhưng bản độ tạo được sự khác biệt ở tông màu trắng đỏ đi cùng bộ cánh cá mập đậm chất thể thao.<br />\r\n<br />\r\n<img alt=\"Yamaha R1 day lich lam qua hinh phong ca map Shark - 4\" class=\"LbImage bbCodeImage\" src=\"https://s1.storage.2banh.vn/image/2018/05/yamaha-r1-day-lich-lam-qua-hinh-phong-ca-map-shark-7121-1525584169-5aee91292bd7c.jpg\" style=\"border:0px; max-width:100%\" /><br />\r\nĐiều dễ nhận biết ở thế hệ này là đôi đèn pha mắt cú sử dụng đèn Projector nằm trong lớp kính, 2 bên là khe hút gió cỡ lớn giúp chiếc xe đạt được hiệu suất khí động học như mong muốn.<br />\r\n<br />\r\n<img alt=\"Yamaha R1 day lich lam qua hinh phong ca map Shark - 5\" class=\"LbImage bbCodeImage\" src=\"https://s3.storage.2banh.vn/image/2018/05/yamaha-r1-day-lich-lam-qua-hinh-phong-ca-map-shark-7121-1525584390-5aee92067451a.jpg\" style=\"border:0px; max-width:100%\" /><br />\r\n<br />\r\n<img alt=\"Yamaha R1 day lich lam qua hinh phong ca map Shark - 6\" class=\"LbImage bbCodeImage\" src=\"https://s1.storage.2banh.vn/image/2018/05/yamaha-r1-day-lich-lam-qua-hinh-phong-ca-map-shark-7121-1525584403-5aee9213511be.jpg\" style=\"border:0px; max-width:100%\" /><br />\r\nTô điểm cho vẻ đẹp của bản độ, chủ nhân đã thay đổi&nbsp;<a class=\"Dnd_XenTag_TagLink\" href=\"https://www.2banh.vn/tags/k%C3%ADnh+ch%E1%BA%AFn+gi%C3%B3+zero+gravity/\" style=\"margin: 0px -3px; color: rgb(23, 96, 147); text-decoration-line: none; border-radius: 5px; padding: 0px 3px;\" title=\"kính chắn gió Zero Gravity\">kính chắn gió Zero Gravity</a>&nbsp;với lớp kính màu khá nổi bật khi đổi góc nhìn, thon gọn hơn nhờ vào chụp chân kiếng thay vì kính hậu quá cỡ.<br />\r\n<br />\r\n<img alt=\"Yamaha R1 day lich lam qua hinh phong ca map Shark - 7\" class=\"LbImage bbCodeImage\" src=\"https://s3.storage.2banh.vn/image/2018/05/yamaha-r1-day-lich-lam-qua-hinh-phong-ca-map-shark-7121-1525584477-5aee925d5acbc.jpg\" style=\"border:0px; max-width:100%\" /><br />\r\nHệ thống tay lái tiêu chuẩn chỉ thay đổi nhẹ nhàng với&nbsp;<a class=\"Dnd_XenTag_TagLink\" href=\"https://www.2banh.vn/tags/c%C3%B9m+t%C4%83ng+t%E1%BB%91c+domino/\" style=\"margin: 0px -3px; color: rgb(23, 96, 147); text-decoration-line: none; border-radius: 5px; padding: 0px 3px;\" title=\"cùm tăng tốc Domino\">cùm tăng tốc Domino</a>&nbsp;giúp cải thiện hành trình dây ga, nổi bật hơn với&nbsp;<a class=\"Dnd_XenTag_TagLink\" href=\"https://www.2banh.vn/tags/%E1%BB%91ng+ga+domino+cnc/\" style=\"margin: 0px -3px; color: rgb(23, 96, 147); text-decoration-line: none; border-radius: 5px; padding: 0px 3px;\" title=\"ống ga Domino CNC\">ống ga Domino CNC</a>.<br />\r\n<br />\r\n<img alt=\"Yamaha R1 day lich lam qua hinh phong ca map Shark - 8\" class=\"LbImage bbCodeImage\" src=\"https://s1.storage.2banh.vn/image/2018/05/yamaha-r1-day-lich-lam-qua-hinh-phong-ca-map-shark-7121-1525584543-5aee929fb09a0.jpg\" style=\"border:0px; max-width:100%\" /><br />\r\n<a class=\"Dnd_XenTag_TagLink\" href=\"https://www.2banh.vn/tags/b%C3%ACnh+d%E1%BA%A7u+rcb/\" style=\"margin: 0px -3px; color: rgb(23, 96, 147); text-decoration-line: none; border-radius: 5px; padding: 0px 3px;\" title=\"Bình dầu RCB\">Bình dầu RCB</a>&nbsp;với lớp kính trong suốt giúp kiểm soát lượng dầu thắng đang sử dụng.<br />\r\n<br />\r\n<img alt=\"Yamaha R1 day lich lam qua hinh phong ca map Shark - 9\" class=\"LbImage bbCodeImage\" src=\"https://s3.storage.2banh.vn/image/2018/05/yamaha-r1-day-lich-lam-qua-hinh-phong-ca-map-shark-7121-1525584577-5aee92c116347.jpg\" style=\"border:0px; max-width:100%\" /><br />\r\nNúm chỉnh ty phuộc CNC và các chi tiết ốc titanium khá bắt mắt.<br />\r\n<br />\r\n<img alt=\"Yamaha R1 day lich lam qua hinh phong ca map Shark - 10\" class=\"LbImage bbCodeImage\" src=\"https://s1.storage.2banh.vn/image/2018/05/yamaha-r1-day-lich-lam-qua-hinh-phong-ca-map-shark-7121-1525584697-5aee9339a6b92.jpg\" style=\"border:0px; max-width:100%\" /><br />\r\nNgoài ra bên côn lái là sự thay đổi&nbsp;<a class=\"Dnd_XenTag_TagLink\" href=\"https://www.2banh.vn/tags/c%C3%B9m+c%C3%B4n+tmw/\" style=\"margin: 0px -3px; color: rgb(23, 96, 147); text-decoration-line: none; border-radius: 5px; padding: 0px 3px;\" title=\"cùm côn TMW\">cùm côn TMW</a>&nbsp;với khả năng tăng chỉnh giúp việc ngắt côn được cải thiện, trung tâm tay lái là bộ trợ lực Ohlins cao cấp nhầm cải thiện hành trình góc lái ổn định hơn.<br />\r\n<br />\r\n<img alt=\"Yamaha R1 day lich lam qua hinh phong ca map Shark - 11\" class=\"LbImage bbCodeImage\" src=\"https://s3.storage.2banh.vn/image/2018/05/yamaha-r1-day-lich-lam-qua-hinh-phong-ca-map-shark-7121-1525584771-5aee938327e66.jpg\" style=\"border:0px; max-width:100%\" /><br />\r\n<br />\r\n<img alt=\"Yamaha R1 day lich lam qua hinh phong ca map Shark - 12\" class=\"LbImage bbCodeImage\" src=\"https://s1.storage.2banh.vn/image/2018/05/yamaha-r1-day-lich-lam-qua-hinh-phong-ca-map-shark-7121-1525584783-5aee938f02fbb.jpg\" style=\"border:0px; max-width:100%\" /><br />\r\nBộ đôi ống xả HMF đút đít khá táo bạo, điểm đặc thù ở các mẫu&nbsp;<a class=\"Dnd_XenTag_TagLink\" href=\"https://www.2banh.vn/tags/pkl/\" style=\"margin: 0px -3px; color: rgb(23, 96, 147); text-decoration-line: none; border-radius: 5px; padding: 0px 3px;\" title=\"PKL\">PKL</a>&nbsp;thế hệ trước hầu như ống xả đều đút đít khá lôi cuốn thay vì đút gầm như hiện nay.<br />\r\n<br />\r\n<img alt=\"Yamaha R1 day lich lam qua hinh phong ca map Shark - 13\" class=\"LbImage bbCodeImage\" src=\"https://s3.storage.2banh.vn/image/2018/05/yamaha-r1-day-lich-lam-qua-hinh-phong-ca-map-shark-7121-1525584851-5aee93d3a4ba6.jpg\" style=\"border:0px; max-width:100%\" /><br />\r\nTổng thể khá hầm hố và nổi bật với bộ mâm sơn Red candy.<br />\r\n<br />\r\n<img alt=\"Yamaha R1 day lich lam qua hinh phong ca map Shark - 14\" class=\"LbImage bbCodeImage\" src=\"https://s1.storage.2banh.vn/image/2018/05/yamaha-r1-day-lich-lam-qua-hinh-phong-ca-map-shark-7121-1525584907-5aee940be9094.jpg\" style=\"border:0px; max-width:100%\" /><br />\r\nVị trí gác chân là thay đổi bộ số gãy CNC giúp cải thiện hành trình phanh và sang số được nhẹ nhàng hơn rất nhiều nhờ vào tính chất trọng lượng nhẹ của hợp kim nhôm.<br />\r\n<br />\r\n<img alt=\"Yamaha R1 day lich lam qua hinh phong ca map Shark - 15\" class=\"LbImage bbCodeImage\" src=\"https://s3.storage.2banh.vn/image/2018/05/yamaha-r1-day-lich-lam-qua-hinh-phong-ca-map-shark-7121-1525584975-5aee944fe456e.jpg\" style=\"border:0px; max-width:100%\" /><br />\r\n<br />\r\n<img alt=\"Yamaha R1 day lich lam qua hinh phong ca map Shark - 16\" class=\"LbImage bbCodeImage\" src=\"https://s3.storage.2banh.vn/image/2018/05/yamaha-r1-day-lich-lam-qua-hinh-phong-ca-map-shark-7121-1525585010-5aee94727bc00.jpg\" style=\"border:0px; max-width:100%\" /><br />\r\nChân dung R1 đậm chất chơi trên xứ Chùa Vàng.</em>​</div>\r\n</blockquote>', 'ZL5BimqcDkyamaha-r1-day-lich-lam-qua-hinh-phong-ca-map-shark-7121-1525584771-5aee938327e66.jpg', 'yzf-r1', '2019-01-12 19:03:09', '2019-01-12 19:03:09'),
('kuizJ', 'YZF - R6', '600', '1', '1', '<div class=\"titleBar\" style=\"margin: 10px 0px 8px; padding: 0px 10px; zoom: 1; color: rgb(20, 20, 20); font-family: Arial, Helvetica, sans-serif; float: inherit !important;\">\r\n<h1>Yamaha R6 ngựa hoang gây cấn với bản độ Matte Black full option</h1>\r\n</div>\r\n\r\n<blockquote><strong><a class=\"Dnd_XenTag_TagLink\" href=\"https://www.2banh.vn/tags/yamaha+r6/\" style=\"margin: 0px -3px; color: rgb(23, 96, 147); text-decoration-line: none; border-radius: 5px; padding: 0px 3px;\" title=\"Yamaha R6\">Yamaha R6</a>&nbsp;được định hình là kẻ cầm quyền trong phân khúc 600cc với ở hữu vóc dáng ngổ ngáo dành cho những khách hàng yêu thích sự phá cách, ở hình thể mới&nbsp;<a class=\"Dnd_XenTag_TagLink\" href=\"https://www.2banh.vn/tags/r6/\" style=\"margin: 0px -3px; color: rgb(23, 96, 147); text-decoration-line: none; border-radius: 5px; padding: 0px 3px;\" title=\"R6\">R6</a>&nbsp;vẫn không giảm đi sức hút đặc biệt đối với những tín đồ mê tốc độ, dưới đây là một bản độ full option đậm chất chơi đến từ xứ sở Thái lan.</strong><br />\r\n&nbsp;\r\n<div style=\"margin: 0px; padding: 0px; text-align: center;\"><strong><img alt=\"Yamaha R6 ngua hoang gay can voi ban do Matte Black full option\" class=\"LbImage bbCodeImage\" src=\"https://s3.storage.2banh.vn/image/2018/01/yamaha-r6-ngua-hoang-gay-can-voi-ban-do-matte-black-full-option-5500-1516592056-5a655bb8f1c30.jpg\" style=\"border:0px; max-width:100%\" title=\"\" /></strong><br />\r\n<em>Gây cấn với dàn ghi-đông hầm hố từ option cao cấp như&nbsp;<a class=\"Dnd_XenTag_TagLink\" href=\"https://www.2banh.vn/tags/c%C3%B9m+phanh+brembo+rossi/\" style=\"margin: 0px -3px; color: rgb(23, 96, 147); text-decoration-line: none; border-radius: 5px; padding: 0px 3px;\" title=\"cùm phanh Brembo Rossi\">cùm phanh Brembo Rossi</a>,&nbsp;<a class=\"Dnd_XenTag_TagLink\" href=\"https://www.2banh.vn/tags/bao+tay+domino/\" style=\"margin: 0px -3px; color: rgb(23, 96, 147); text-decoration-line: none; border-radius: 5px; padding: 0px 3px;\" title=\"bao tay Domino\">bao tay Domino</a>, càng bảo vệ tay lái CNC.<br />\r\n<br />\r\n<img alt=\"Yamaha R6 ngua hoang gay can voi ban do Matte Black full option - 3\" class=\"LbImage bbCodeImage\" src=\"https://s1.storage.2banh.vn/image/2018/01/yamaha-r6-ngua-hoang-gay-can-voi-ban-do-matte-black-full-option-5500-1516592171-5a655c2bed80e.jpg\" style=\"border:0px; max-width:100%\" title=\"\" /><br />\r\nTrung tâm tay lái là sự giúp đỡ của&nbsp;<a class=\"Dnd_XenTag_TagLink\" href=\"https://www.2banh.vn/tags/tr%E1%BB%A3+l%E1%BB%B1c+trung+t%C3%A2m+scotts/\" style=\"margin: 0px -3px; color: rgb(23, 96, 147); text-decoration-line: none; border-radius: 5px; padding: 0px 3px;\" title=\"trợ lực trung tâm Scotts\">trợ lực trung tâm Scotts</a>(Ohlins). Ngoài ra hệ thống treo trước nâng cấp&nbsp;<a class=\"Dnd_XenTag_TagLink\" href=\"https://www.2banh.vn/tags/upside+down+ohins/\" style=\"margin: 0px -3px; color: rgb(23, 96, 147); text-decoration-line: none; border-radius: 5px; padding: 0px 3px;\" title=\"Upside Down Ohins\">Upside Down Ohins</a>&nbsp;cao cấp đem đến sự đẳng cấp cho bản độ R6 này.<br />\r\n<br />\r\n<img alt=\"Yamaha R6 ngua hoang gay can voi ban do Matte Black full option - 4\" class=\"LbImage bbCodeImage\" src=\"https://s3.storage.2banh.vn/image/2018/01/yamaha-r6-ngua-hoang-gay-can-voi-ban-do-matte-black-full-option-5500-1516592318-5a655cbe13c03.jpg\" style=\"border:0px; max-width:100%\" title=\"\" /><br />\r\nDàn chân tiêu chuẩn giữ nguyên từ thế hệ cũ sang thế hệ mới đi kèm với&nbsp;<a class=\"Dnd_XenTag_TagLink\" href=\"https://www.2banh.vn/tags/phanh+k%C3%A9p+brembo+nickel/\" style=\"margin: 0px -3px; color: rgb(23, 96, 147); text-decoration-line: none; border-radius: 5px; padding: 0px 3px;\" title=\"phanh kép Brembo Nickel\">phanh kép Brembo Nickel</a>&nbsp;hạng sang đem lại hiệu suất sử dụng tột đỉnh.<br />\r\n<br />\r\n<img alt=\"Yamaha R6 ngua hoang gay can voi ban do Matte Black full option - 5\" class=\"LbImage bbCodeImage\" src=\"https://s1.storage.2banh.vn/image/2018/01/yamaha-r6-ngua-hoang-gay-can-voi-ban-do-matte-black-full-option-5500-1516592392-5a655d089cfd3.jpg\" style=\"border:0px; max-width:100%\" title=\"\" /><br />\r\nLấp ló sau bộ yếm quây mang thiết kế khí động học là bộ ốp nồi GB Racing và bộ gù chống đổ CNC nhuộm vàng điểm nhấn.<br />\r\n<br />\r\n<img alt=\"Yamaha R6 ngua hoang gay can voi ban do Matte Black full option - 6\" class=\"LbImage bbCodeImage\" src=\"https://s3.storage.2banh.vn/image/2018/01/yamaha-r6-ngua-hoang-gay-can-voi-ban-do-matte-black-full-option-5500-1516592444-5a655d3c413b1.jpg\" style=\"border:0px; max-width:100%\" title=\"\" /><br />\r\nTrang bị hệ thống sang số nhanh Quickshifter đem lại khả năng sử dụng tuyệt vời, là sự lựa chọn tối ưu dành cho các thế hệ&nbsp;<a class=\"Dnd_XenTag_TagLink\" href=\"https://www.2banh.vn/tags/pkl/\" style=\"margin: 0px -3px; color: rgb(23, 96, 147); text-decoration-line: none; border-radius: 5px; padding: 0px 3px;\" title=\"PKL\">PKL</a>&nbsp;hiện nay.<br />\r\n<br />\r\n<img alt=\"Yamaha R6 ngua hoang gay can voi ban do Matte Black full option - 7\" class=\"LbImage bbCodeImage\" src=\"https://s1.storage.2banh.vn/image/2018/01/yamaha-r6-ngua-hoang-gay-can-voi-ban-do-matte-black-full-option-5500-1516592505-5a655d791e38f.jpg\" style=\"border:0px; max-width:100%\" title=\"\" /><br />\r\nChi tiết bộ số gãy CNC thay đổi kết hợp với pen đạp Brembo Billet đẳng cấp.<br />\r\n<br />\r\n<img alt=\"Yamaha R6 ngua hoang gay can voi ban do Matte Black full option - 8\" class=\"LbImage bbCodeImage\" src=\"https://s3.storage.2banh.vn/image/2018/01/yamaha-r6-ngua-hoang-gay-can-voi-ban-do-matte-black-full-option-5500-1516592551-5a655da748b15.jpg\" style=\"border:0px; max-width:100%\" title=\"\" /></em>\r\n\r\n<div class=\"tooltip fade top in\" id=\"tooltip822706\" style=\"margin: 0px; padding: 0px; position: relative; top: -652.278px; left: 0.0241241px;\">\r\n<div class=\"tooltip-arrow\" style=\"margin: 0px; padding: 0px; left: 50%;\">&nbsp;</div>\r\n\r\n<div class=\"tooltip-inner\" style=\"margin: 0px; padding: 0px;\"><em>Xem ảnh lớn.</em></div>\r\n</div>\r\n<br />\r\n<em>Hệ thống phanh sau cũng nâng cấp tuyệt đối với phanh Brembo Billet kết hợp hoàn chỉnh với pát nhôm CNC quay ngược đậm phong cách trường đua, ngoài ra dàn âm thanh được lôi kéo từ ống xả Akrapvic Yamaha R1.</em></div>\r\n</blockquote>', '2jdOMzHVCSyamaha-r6-ngua-hoang-gay-can-voi-ban-do-matte-black-full-option-5500-1516592056-5a655bb8f1c30.jpg', 'yzf-r6', '2019-01-12 19:20:59', '2019-01-12 19:20:59'),
('OHWWd', 'CBR1000RR', '998', '1', '2', '<div class=\"titleBar\" style=\"margin: 10px 0px 8px; padding: 0px 10px; zoom: 1; color: rgb(20, 20, 20); font-family: Arial, Helvetica, sans-serif; float: inherit !important;\">\r\n<h1>Honda CBR1000RR bò mộng hiếu chiến bên tông màu Black Matte</h1>\r\n</div>\r\n\r\n<blockquote><strong><a class=\"Dnd_XenTag_TagLink\" href=\"https://www.2banh.vn/tags/honda+cbr1000rr/\" style=\"margin: 0px -3px; color: rgb(23, 96, 147); text-decoration-line: none; border-radius: 5px; padding: 0px 3px;\" title=\"Honda CBR1000RR\">Honda CBR1000RR</a>&nbsp;là đại diện trung thành từ trước đến nay trong phân khúc 1000 phân khối của Honda, được thay đổi và nâng cấp qua nhiều thế hệ, hiện tại đang sở thiết kế mới hẹp hơn, khí động học và sắc sảo hơn so với thế hệ trước. Vẻ đẹp của nó càng trở nên \"cứng cáp\" hơn khi được chủ nhân khoác cho mình bộ cánh đen mờ và loạt đồ chơi hàng hiệu.</strong><br />\r\n&nbsp;\r\n<div style=\"margin: 0px; padding: 0px; text-align: center;\"><strong><img alt=\"Honda CBR1000RR bo mong hieu chien ben tong mau Black Matte\" class=\"LbImage bbCodeImage\" src=\"https://s3.storage.2banh.vn/image/2018/04/honda-cbr1000rr-bo-mong-hieu-chien-ben-tong-mau-black-matte-7121-1522826744-5ac47df81f5c8.jpg\" style=\"border:0px; max-width:100%\" title=\"\" /></strong><br />\r\n<em>Honda&nbsp;<a class=\"Dnd_XenTag_TagLink\" href=\"https://www.2banh.vn/tags/cbr1000rr/\" style=\"margin: 0px -3px; color: rgb(23, 96, 147); text-decoration-line: none; border-radius: 5px; padding: 0px 3px;\" title=\"CBR1000RR\">CBR1000RR</a>&nbsp;bò mộng hiếu chiến bên tông màu Black Matte.</em><br />\r\n<br />\r\n<em><img alt=\"Honda CBR1000RR bo mong hieu chien ben tong mau Black Matte - 3\" class=\"LbImage bbCodeImage\" src=\"https://s1.storage.2banh.vn/image/2018/04/honda-cbr1000rr-bo-mong-hieu-chien-ben-tong-mau-black-matte-7121-1522826761-5ac47e09603ef.jpg\" style=\"border:0px; max-width:100%\" title=\"\" /><br />\r\nHonda CBR1000RR hiện tại sở thiết kế mới hẹp hơn, khí động học và sắc sảo hơn so với thế hệ trước. Chủ nhân đã thay đổi bộ kính chắn gió xám khói có thiết kế cao hơn, bộ pát chân kiếng đồ chơi thon gọn hơn kính tiêu chuẩn.<br />\r\n<br />\r\n<img alt=\"Honda CBR1000RR bo mong hieu chien ben tong mau Black Matte - 4\" class=\"LbImage bbCodeImage\" src=\"https://s3.storage.2banh.vn/image/2018/04/honda-cbr1000rr-bo-mong-hieu-chien-ben-tong-mau-black-matte-7121-1522826895-5ac47e8fbf32c.jpg\" style=\"border:0px; max-width:100%\" title=\"\" /><br />\r\nPhủ trên mình bộ cánh đen mờ huyền thoại được cách điệu bởi họa tiết tem vàng kẻ sọc thể thao khiến nó trở nên lạ lẫm và không kém phần hấp dẫn so với các đối thủ khác, ngoài ra hệ thống tay lái được chủ nhân nâng cấp cho&nbsp;<a class=\"Dnd_XenTag_TagLink\" href=\"https://www.2banh.vn/tags/c%C3%B9m+phanh+brembo+rcs/\" style=\"margin: 0px -3px; color: rgb(23, 96, 147); text-decoration-line: none; border-radius: 5px; padding: 0px 3px;\" title=\"cùm phanh Brembo RCS\">cùm phanh Brembo RCS</a>&nbsp;và tay côn Brembo.<br />\r\n<br />\r\n<img alt=\"Honda CBR1000RR bo mong hieu chien ben tong mau Black Matte - 5\" class=\"LbImage bbCodeImage\" src=\"https://s1.storage.2banh.vn/image/2018/04/honda-cbr1000rr-bo-mong-hieu-chien-ben-tong-mau-black-matte-7121-1522826985-5ac47ee991def.jpg\" style=\"border:0px; max-width:100%\" title=\"\" /><br />\r\nCụm đuôi sau gói gọn với việc bỏ chắn bùn tiêu chuẩn và bộ xi-nhan rời tiêu chuẩn của Sportbike thương mại mà thay vào đó là xi-nhan cúc áo được bố trí gọn gàng.<br />\r\n<br />\r\n<img alt=\"Honda CBR1000RR bo mong hieu chien ben tong mau Black Matte - 6\" class=\"LbImage bbCodeImage\" src=\"https://s3.storage.2banh.vn/image/2018/04/honda-cbr1000rr-bo-mong-hieu-chien-ben-tong-mau-black-matte-7121-1522827071-5ac47f3f5efe0.jpg\" style=\"border:0px; max-width:100%\" title=\"\" /><br />\r\nNgoài việc sửa đổi bộ cánh ra thì chủ nhân còn trang bị thêm bộ&nbsp;<a class=\"Dnd_XenTag_TagLink\" href=\"https://www.2banh.vn/tags/%E1%BB%91ng+x%E1%BA%A3+austin+racing/\" style=\"margin: 0px -3px; color: rgb(23, 96, 147); text-decoration-line: none; border-radius: 5px; padding: 0px 3px;\" title=\"ống xả Austin Racing\">ống xả Austin Racing</a>&nbsp;cuốn hút với chi tiết Titanium được lên màu nổi bật và cho âm thanh nổi trội.</em></div>\r\n</blockquote>', 'T1UW7bFUIKhonda-cbr1000rr-bo-mong-hieu-chien-ben-tong-mau-black-matte-7121-1522827161-5ac47f990356e.jpg', 'cbr1000rr', '2019-01-12 19:40:19', '2019-01-12 19:40:19'),
('olni8', 'Monster 821', '821', '2', '6', '<div class=\"titleBar\" style=\"margin: 10px 0px 8px; padding: 0px 10px; zoom: 1; color: rgb(20, 20, 20); font-family: Arial, Helvetica, sans-serif; float: inherit !important;\">\r\n<h1>Ducati Monster 821 phong thái nguyên bản nhưng không hề đơn giản</h1>\r\n</div>\r\n\r\n<blockquote><strong>Một trong những series Monster đến từ hãng xe Ý đã có màn lột xác cực kì chất chơi và đẳng cấp với một diện mạo gần như không có sự thay đổi so với xe nguyên bản nhưng thay vào đó là sự khác biệt rõ rệt ở những chi tiết trên chiếc xế . Các tay độ người Thái đã nâng cấp chiếc&nbsp;<a class=\"Dnd_XenTag_TagLink\" href=\"https://www.2banh.vn/tags/ducati+monster+821/\" style=\"margin: 0px -3px; color: rgb(23, 96, 147); text-decoration-line: none; border-radius: 5px; padding: 0px 3px;\" title=\"Ducati Monster 821\">Ducati Monster 821</a>bằng một loạt đồ chơi hàng hiệu cực chất giúp cho chiếc xe trở nên hoàn hảo hơn nhưng không thay đổi quá nhiều ở bề ngoài.</strong><br />\r\n&nbsp;\r\n<div style=\"margin: 0px; padding: 0px; text-align: center;\"><strong><img alt=\"Ducati Monster 821 phong thai nguyen ban nhung khong he don gian\" class=\"LbImage bbCodeImage\" src=\"https://s3.storage.2banh.vn/image/2017/07/ducati-monster-821-phong-thai-nguyen-ban-nhung-khong-he-don-gian-5503-1501129003-5979692b22dd2.jpg\" style=\"border:0px; max-width:100%\" title=\"\" /></strong><br />\r\n<em><a class=\"Dnd_XenTag_TagLink\" href=\"https://www.2banh.vn/tags/ducati+monster+821+%C4%91%E1%BB%99/\" style=\"margin: 0px -3px; color: rgb(23, 96, 147); text-decoration-line: none; border-radius: 5px; padding: 0px 3px;\" title=\"Ducati Monster 821 độ\">Ducati Monster 821 độ</a>&nbsp;đầy ấn tượng của biker Thái Lan.<br />\r\n<br />\r\n<img alt=\"Ducati Monster 821 phong thai nguyen ban nhung khong he don gian - 2\" class=\"LbImage bbCodeImage\" src=\"https://s1.storage.2banh.vn/image/2017/07/ducati-monster-821-phong-thai-nguyen-ban-nhung-khong-he-don-gian-5503-1501130405-59796ea5d87ff.jpg\" style=\"border:0px; max-width:100%\" title=\"\" /><br />\r\nMột diện mạo hầm hố đến dữ dằn của&nbsp;<a class=\"Dnd_XenTag_TagLink\" href=\"https://www.2banh.vn/tags/monster+821/\" style=\"margin: 0px -3px; color: rgb(23, 96, 147); text-decoration-line: none; border-radius: 5px; padding: 0px 3px;\" title=\"Monster 821\">Monster 821</a>&nbsp;đem đến sự kích thích với các tín đồ mê xe và còn gây sự phấn khích với khối động cơ lên đến 112 mã lực.<br />\r\n<br />\r\n<img alt=\"Ducati Monster 821 phong thai nguyen ban nhung khong he don gian - 3\" class=\"LbImage bbCodeImage\" src=\"https://s3.storage.2banh.vn/image/2017/07/ducati-monster-821-phong-thai-nguyen-ban-nhung-khong-he-don-gian-5503-1501129760-59796c2023fc2.jpg\" style=\"border:0px; max-width:100%\" title=\"\" /><br />\r\nXe được nâng cấp mạnh ở các chi tiết trên chiếc xế như trang bị cùm&nbsp;<a class=\"Dnd_XenTag_TagLink\" href=\"https://www.2banh.vn/tags/tay+th%E1%BA%AFng+brembo+rcs/\" style=\"margin: 0px -3px; color: rgb(23, 96, 147); text-decoration-line: none; border-radius: 5px; padding: 0px 3px;\" title=\"tay thắng Brembo RCS\">tay thắng Brembo RCS</a>&nbsp;hàng hiệu ,&nbsp;<a class=\"Dnd_XenTag_TagLink\" href=\"https://www.2banh.vn/tags/ki%E1%BA%BFng+g%C3%B9+crg/\" style=\"margin: 0px -3px; color: rgb(23, 96, 147); text-decoration-line: none; border-radius: 5px; padding: 0px 3px;\" title=\"kiếng gù CRG\">kiếng gù CRG</a>&nbsp;Arrow.<br />\r\n<br />\r\n<img alt=\"Ducati Monster 821 phong thai nguyen ban nhung khong he don gian - 4\" class=\"LbImage bbCodeImage\" src=\"https://s1.storage.2banh.vn/image/2017/07/ducati-monster-821-phong-thai-nguyen-ban-nhung-khong-he-don-gian-5503-1501131171-597971a3e01f4.jpg\" style=\"border:0px; max-width:100%\" title=\"\" /><br />\r\nTương tự tay côn Brembo mang thương hiệu đến từ Italy rất được ưa chuộng.<br />\r\n<br />\r\n<img alt=\"Ducati Monster 821 phong thai nguyen ban nhung khong he don gian - 5\" class=\"LbImage bbCodeImage\" src=\"https://s3.storage.2banh.vn/image/2017/07/ducati-monster-821-phong-thai-nguyen-ban-nhung-khong-he-don-gian-5503-1501129888-59796ca0c67b7.jpg\" style=\"border:0px; max-width:100%\" title=\"\" /><br />\r\nTrung tâm ghi đông nổi bật với bộ&nbsp;<a class=\"Dnd_XenTag_TagLink\" href=\"https://www.2banh.vn/tags/tr%E1%BB%A3+l%E1%BB%B1c+ohlins/\" style=\"margin: 0px -3px; color: rgb(23, 96, 147); text-decoration-line: none; border-radius: 5px; padding: 0px 3px;\" title=\"trợ lực Ohlins\">trợ lực Ohlins</a>&nbsp;với bộ pát CNC từ Ducabike đầy tinh tế.<br />\r\n<br />\r\n<img alt=\"Ducati Monster 821 phong thai nguyen ban nhung khong he don gian - 6\" class=\"LbImage bbCodeImage\" src=\"https://s1.storage.2banh.vn/image/2017/07/ducati-monster-821-phong-thai-nguyen-ban-nhung-khong-he-don-gian-5503-1501131301-597972256d568.jpg\" style=\"border:0px; max-width:100%\" title=\"\" /><br />\r\nBảo vệ bộ tản nhiệt chiếc xế với bộ ốp R&amp;G Racing.<br />\r\n<br />\r\n<img alt=\"Ducati Monster 821 phong thai nguyen ban nhung khong he don gian - 7\" class=\"LbImage bbCodeImage\" src=\"https://s3.storage.2banh.vn/image/2017/07/ducati-monster-821-phong-thai-nguyen-ban-nhung-khong-he-don-gian-5503-1501130189-59796dcd12331.jpg\" style=\"border:0px; max-width:100%\" title=\"\" /><br />\r\nThêm nổi bật với bộ ly hợp khô Ducabike mang thiết kế sắc sảo và tinh tế.<br />\r\n<br />\r\n<img alt=\"Ducati Monster 821 phong thai nguyen ban nhung khong he don gian - 8\" class=\"LbImage bbCodeImage\" src=\"https://s1.storage.2banh.vn/image/2017/07/ducati-monster-821-phong-thai-nguyen-ban-nhung-khong-he-don-gian-5503-1501131587-59797343af9fe.jpg\" style=\"border:0px; max-width:100%\" title=\"\" /><br />\r\nThêm bộ trợ côn dầu CNC Racing.<br />\r\n<br />\r\n<img alt=\"Ducati Monster 821 phong thai nguyen ban nhung khong he don gian - 9\" class=\"LbImage bbCodeImage\" src=\"https://s3.storage.2banh.vn/image/2017/07/ducati-monster-821-phong-thai-nguyen-ban-nhung-khong-he-don-gian-5503-1501130254-59796e0e482e7.jpg\" style=\"border:0px; max-width:100%\" title=\"\" /><br />\r\nCụm đèn hậu sau tích hợp xi nhan đậm chất thể thao đến từ MD Racing.<br />\r\n<br />\r\n<img alt=\"Ducati Monster 821 phong thai nguyen ban nhung khong he don gian - 10\" class=\"LbImage bbCodeImage\" src=\"https://s1.storage.2banh.vn/image/2017/07/ducati-monster-821-phong-thai-nguyen-ban-nhung-khong-he-don-gian-5503-1501131666-59797392ba7d9.jpg\" style=\"border:0px; max-width:100%\" title=\"\" /><br />\r\nĐem lại sự uy lực và mạnh mẽ cho con chiến mã bằng cặp&nbsp;<a class=\"Dnd_XenTag_TagLink\" href=\"https://www.2banh.vn/tags/p%C3%B4+termignoni/\" style=\"margin: 0px -3px; color: rgb(23, 96, 147); text-decoration-line: none; border-radius: 5px; padding: 0px 3px;\" title=\"pô Termignoni\">pô Termignoni</a>&nbsp;Slip-on.<br />\r\n<br />\r\n<img alt=\"Ducati Monster 821 phong thai nguyen ban nhung khong he don gian - 11\" class=\"LbImage bbCodeImage\" src=\"https://s3.storage.2banh.vn/image/2017/07/ducati-monster-821-phong-thai-nguyen-ban-nhung-khong-he-don-gian-5503-1501130329-59796e59f0a0d.jpg\" style=\"border:0px; max-width:100%\" title=\"\" /><br />\r\nNguyên bản nhưng không hề đơn giản.</em>​</div>\r\n</blockquote>', 'UDX0b8fCADducati-monster-821-phong-thai-nguyen-ban-nhung-khong-he-don-gian-5503-1501130405-59796ea5d87ff.jpg', 'monster-821', '2019-01-12 19:30:20', '2019-01-12 19:30:20'),
('qEuEg', 'YZF - R6', '600', '1', '1', '<div class=\"titleBar\" style=\"margin: 10px 0px 8px; padding: 0px 10px; zoom: 1; color: rgb(20, 20, 20); font-family: Arial, Helvetica, sans-serif; float: inherit !important;\">\r\n<h1>Yamaha R6 độ chất lừ từ phiên bản trắng xanh Power</h1>\r\n</div>\r\n\r\n<blockquote><strong><a class=\"Dnd_XenTag_TagLink\" href=\"https://www.2banh.vn/tags/yamaha+r6/\" style=\"margin: 0px -3px; color: rgb(23, 96, 147); text-decoration-line: none; border-radius: 5px; padding: 0px 3px;\" title=\"Yamaha R6\">Yamaha R6</a>&nbsp;được giới thạo xe đặt cho biệt hiệu \"ngựa hoang bất kham\", tinh chỉnh và được công nhận là chiếc xe đạt được hiệu suất khí động học khá tốt trong cùng phân khúc, để tạo nên điểm nhấn và sự các biệt dành riêng cho mình thì chủ nhân đã độ lại theo tông màu trắng xanh qua bộ tem đấu Power đậm chất thể thao.</strong>\r\n\r\n<div style=\"margin: 0px; padding: 0px; text-align: center;\"><br />\r\n<strong><img alt=\"Yamaha R6 do chat lu tu phien ban trang xanh Power\" class=\"LbImage bbCodeImage\" src=\"https://s3.storage.2banh.vn/image/2018/01/yamaha-r6-do-chat-lu-tu-phien-ban-trang-xanh-power-7121-1515566968-5a55b778adee3.jpg\" style=\"border:0px; max-width:100%\" /></strong><br />\r\n<em>Yamaha&nbsp;<a class=\"Dnd_XenTag_TagLink\" href=\"https://www.2banh.vn/tags/r6+%C4%91%E1%BB%99/\" style=\"margin: 0px -3px; color: rgb(23, 96, 147); text-decoration-line: none; border-radius: 5px; padding: 0px 3px;\" title=\"R6 độ\">R6 độ</a>&nbsp;chất lừ từ phiên bản trắng xanh Power.<br />\r\n<br />\r\n<img alt=\"Yamaha R6 do chat lu tu phien ban trang xanh Power - 3\" class=\"LbImage bbCodeImage\" src=\"https://s1.storage.2banh.vn/image/2018/01/yamaha-r6-do-chat-lu-tu-phien-ban-trang-xanh-power-7121-1515566992-5a55b79017b58.jpg\" style=\"border:0px; max-width:100%\" /><br />\r\nĐập vào mắt người xem một tổng thể hoàn toàn mới đậm chất trường đua với thiết kế tông áo trắng xanh tem đỏ cực nổi, trang bị cho&nbsp;<a class=\"Dnd_XenTag_TagLink\" href=\"https://www.2banh.vn/tags/r6/\" style=\"margin: 0px -3px; color: rgb(23, 96, 147); text-decoration-line: none; border-radius: 5px; padding: 0px 3px;\" title=\"R6\">R6</a>&nbsp;Phuộc Upside Down 43mm đường kính to hơn thế hệ cũ của KYB, Đĩa phanh tăng kích cỡ thêm 10mm, lên 320mm và đi kèm với heo dầu 4 piston hiệu Nissin, ngoài ra bộ vành 5 chấu tiêu chuẩn được phối màu xanh GP thể thao.<br />\r\n<br />\r\n<img alt=\"Yamaha R6 do chat lu tu phien ban trang xanh Power - 4\" class=\"LbImage bbCodeImage\" src=\"https://s3.storage.2banh.vn/image/2018/01/yamaha-r6-do-chat-lu-tu-phien-ban-trang-xanh-power-7121-1515567643-5a55ba1b3cb5c.jpg\" style=\"border:0px; max-width:100%\" /><br />\r\nDẫn dắt lượng dầu thắng từ dây dầu đồ chơi được lựa màu đỏ tươi nổi bật trên nền mâm xanh.<br />\r\n<br />\r\n<img alt=\"Yamaha R6 do chat lu tu phien ban trang xanh Power - 5\" class=\"LbImage bbCodeImage\" src=\"https://s1.storage.2banh.vn/image/2018/01/yamaha-r6-do-chat-lu-tu-phien-ban-trang-xanh-power-7121-1515567686-5a55ba468f25a.jpg\" style=\"border:0px; max-width:100%\" /><br />\r\n<img alt=\"Yamaha R6 do chat lu tu phien ban trang xanh Power - 6\" class=\"LbImage bbCodeImage\" src=\"https://s3.storage.2banh.vn/image/2018/01/yamaha-r6-do-chat-lu-tu-phien-ban-trang-xanh-power-7121-1515567711-5a55ba5f2552e.jpg\" style=\"border:0px; max-width:100%\" /><br />\r\nXử lý lượng dầu thắng qua bộ đầu chia 2 cổng bằng nhôm CNC thiết kế và bố trí khá tinh tế.<br />\r\n<br />\r\n<img alt=\"Yamaha R6 do chat lu tu phien ban trang xanh Power - 7\" class=\"LbImage bbCodeImage\" src=\"https://s1.storage.2banh.vn/image/2018/01/yamaha-r6-do-chat-lu-tu-phien-ban-trang-xanh-power-7121-1515567790-5a55baae9d9cf.jpg\" style=\"border:0px; max-width:100%\" /><br />\r\n<img alt=\"Yamaha R6 do chat lu tu phien ban trang xanh Power - 8\" class=\"LbImage bbCodeImage\" src=\"https://s3.storage.2banh.vn/image/2018/01/yamaha-r6-do-chat-lu-tu-phien-ban-trang-xanh-power-7121-1515567798-5a55bab62afa6.jpg\" style=\"border:0px; max-width:100%\" /><br />\r\nBảo vệ tay lái tối ưu và tăng độ thẩm mỹ cho chiến mã R6 từ&nbsp;<a class=\"Dnd_XenTag_TagLink\" href=\"https://www.2banh.vn/tags/c%C3%A0ng+b%E1%BA%A3o+v%E1%BB%87+tay+l%C3%A1i+tmw/\" style=\"margin: 0px -3px; color: rgb(23, 96, 147); text-decoration-line: none; border-radius: 5px; padding: 0px 3px;\" title=\"càng bảo vệ tay lái TMW\">càng bảo vệ tay lái TMW</a>.<br />\r\n<br />\r\n<img alt=\"Yamaha R6 do chat lu tu phien ban trang xanh Power - 9\" class=\"LbImage bbCodeImage\" src=\"https://s1.storage.2banh.vn/image/2018/01/yamaha-r6-do-chat-lu-tu-phien-ban-trang-xanh-power-7121-1515567836-5a55badce9d99.jpg\" style=\"border:0px; max-width:100%\" /><br />\r\nHệ thống phanh tay tiêu chuẩn từ thương hiệu Nissin quen thuộc.<br />\r\n<br />\r\n<img alt=\"Yamaha R6 do chat lu tu phien ban trang xanh Power - 10\" class=\"LbImage bbCodeImage\" src=\"https://s3.storage.2banh.vn/image/2018/01/yamaha-r6-do-chat-lu-tu-phien-ban-trang-xanh-power-7121-1515567865-5a55baf942a48.jpg\" style=\"border:0px; max-width:100%\" /><br />\r\n<img alt=\"Yamaha R6 do chat lu tu phien ban trang xanh Power - 11\" class=\"LbImage bbCodeImage\" src=\"https://s1.storage.2banh.vn/image/2018/01/yamaha-r6-do-chat-lu-tu-phien-ban-trang-xanh-power-7121-1515567871-5a55baffee939.jpg\" style=\"border:0px; max-width:100%\" /><br />\r\nCuối cùng là dàn âm thanh đặc chủng từ&nbsp;<a class=\"Dnd_XenTag_TagLink\" href=\"https://www.2banh.vn/tags/%E1%BB%91ng+x%E1%BA%A3+scorpion+full+system/\" style=\"margin: 0px -3px; color: rgb(23, 96, 147); text-decoration-line: none; border-radius: 5px; padding: 0px 3px;\" title=\"ống xả scorpion full system\">ống xả scorpion full system</a>&nbsp;nâng cao công suất động cơ.<br />\r\n<br />\r\n<img alt=\"Yamaha R6 do chat lu tu phien ban trang xanh Power - 12\" class=\"LbImage bbCodeImage\" src=\"https://s3.storage.2banh.vn/image/2018/01/yamaha-r6-do-chat-lu-tu-phien-ban-trang-xanh-power-7121-1515568246-5a55bc7647244.jpg\" style=\"border:0px; max-width:100%\" /></em></div>\r\n</blockquote>', 'RbqRGy0HcPyamaha-r6-do-chat-lu-tu-phien-ban-trang-xanh-power-7121-1515568246-5a55bc7647244.jpg', 'yzf-r6', '2019-01-12 19:23:36', '2019-01-12 19:23:36'),
('QPS7V', 'Monster 821', '821', '2', '6', '<div class=\"titleBar\" style=\"margin: 10px 0px 8px; padding: 0px 10px; zoom: 1; color: rgb(20, 20, 20); font-family: Arial, Helvetica, sans-serif; float: inherit !important;\">\r\n<h1>Ducati Monster 821 \'Makeover\' diện mạo đẹp không tưởng</h1>\r\n</div>\r\n\r\n<blockquote><strong><a class=\"Dnd_XenTag_TagLink\" href=\"https://www.2banh.vn/tags/monster+821/\" style=\"margin: 0px -3px; color: rgb(23, 96, 147); text-decoration-line: none; border-radius: 5px; padding: 0px 3px;\" title=\"Monster 821\">Monster 821</a>&nbsp;sở hữu đường nét thiết kế sắc cạnh và không kém phần lực lưỡng từ đàn anh Monster 1200, Với những vốn từ hoa mỹ như trên, con \"quái vật\" của gia đình Monster được chủ nhân make up đón xuân với loạt nâng cấp phụ đầy hiệu năng khiến nó tỏa sáng sau bộ ảnh dưới đây.</strong><br />\r\n&nbsp;\r\n<div style=\"margin: 0px; padding: 0px; text-align: center;\"><strong><img alt=\"Ducati Monster 821 Makeover dien mao dep khong tuong\" class=\"LbImage bbCodeImage\" src=\"https://s3.storage.2banh.vn/image/2018/01/ducati-monster-821-makeover-dien-mao-dep-khong-tuong-5500-1517213863-5a6ed8a7d83db.jpg\" style=\"border:0px; max-width:100%\" /></strong><br />\r\n<em><a class=\"Dnd_XenTag_TagLink\" href=\"https://www.2banh.vn/tags/ducati+monster+821/\" style=\"margin: 0px -3px; color: rgb(23, 96, 147); text-decoration-line: none; border-radius: 5px; padding: 0px 3px;\" title=\"Ducati Monster 821\">Ducati Monster 821</a>&nbsp;\'Makeover\' diện mạo đẹp không tưởng.</em><br />\r\n<br />\r\n<img alt=\"Ducati Monster 821 Makeover dien mao dep khong tuong - 3\" class=\"LbImage bbCodeImage\" src=\"https://s1.storage.2banh.vn/image/2018/01/ducati-monster-821-makeover-dien-mao-dep-khong-tuong-5500-1517213890-5a6ed8c24c4f8.jpg\" style=\"border:0px; max-width:100%\" /><br />\r\n<em>Trợ cấp tay lái với những phần \"quà\" hấp dẫn như&nbsp;<a class=\"Dnd_XenTag_TagLink\" href=\"https://www.2banh.vn/tags/ghi-%C4%91%C3%B4ng+l%C3%A1i+rizoma/\" style=\"margin: 0px -3px; color: rgb(23, 96, 147); text-decoration-line: none; border-radius: 5px; padding: 0px 3px;\" title=\"ghi-đông lái Rizoma\">ghi-đông lái Rizoma</a>, cặp&nbsp;<a class=\"Dnd_XenTag_TagLink\" href=\"https://www.2banh.vn/tags/b%C3%ACnh+d%E1%BA%A7u+aem/\" style=\"margin: 0px -3px; color: rgb(23, 96, 147); text-decoration-line: none; border-radius: 5px; padding: 0px 3px;\" title=\"bình dầu AEM\">bình dầu AEM</a>&nbsp;thiết kế sắc nét đem lại độ thẩm mỹ hoàn hảo.<br />\r\n<br />\r\n<img alt=\"Ducati Monster 821 Makeover dien mao dep khong tuong - 4\" class=\"LbImage bbCodeImage\" src=\"https://s3.storage.2banh.vn/image/2018/01/ducati-monster-821-makeover-dien-mao-dep-khong-tuong-5500-1517214235-5a6eda1b5e6f5.jpg\" style=\"border:0px; max-width:100%\" /><br />\r\nĐơn giản nhưng hiệu quả sử dụng không phải bàn cải với sửa đổi&nbsp;<a class=\"Dnd_XenTag_TagLink\" href=\"https://www.2banh.vn/tags/c%C3%B9m+phanh+brembo+rcs/\" style=\"margin: 0px -3px; color: rgb(23, 96, 147); text-decoration-line: none; border-radius: 5px; padding: 0px 3px;\" title=\"cùm phanh Brembo RCS\">cùm phanh Brembo RCS</a>, bộ&nbsp;<a class=\"Dnd_XenTag_TagLink\" href=\"https://www.2banh.vn/tags/g%C3%B9+led+motogaged/\" style=\"margin: 0px -3px; color: rgb(23, 96, 147); text-decoration-line: none; border-radius: 5px; padding: 0px 3px;\" title=\"gù LED Motogaged\">gù LED Motogaged</a>,&nbsp;<a class=\"Dnd_XenTag_TagLink\" href=\"https://www.2banh.vn/tags/g%C6%B0%C6%A1ng+g%C3%B9+crg+arrow/\" style=\"margin: 0px -3px; color: rgb(23, 96, 147); text-decoration-line: none; border-radius: 5px; padding: 0px 3px;\" title=\"gương gù CRG Arrow\">gương gù CRG Arrow</a>.<br />\r\n<br />\r\n<img alt=\"Ducati Monster 821 Makeover dien mao dep khong tuong - 5\" class=\"LbImage bbCodeImage\" src=\"https://s1.storage.2banh.vn/image/2018/01/ducati-monster-821-makeover-dien-mao-dep-khong-tuong-5500-1517214308-5a6eda646f9a3.jpg\" style=\"border:0px; max-width:100%\" /><br />\r\nNgay trung tâm bình xăng là trang bị nắp xăng CNC Racing độc đáo.<br />\r\n<br />\r\n<img alt=\"Ducati Monster 821 Makeover dien mao dep khong tuong - 6\" class=\"LbImage bbCodeImage\" src=\"https://s3.storage.2banh.vn/image/2018/01/ducati-monster-821-makeover-dien-mao-dep-khong-tuong-5500-1517214358-5a6eda96ebfc0.jpg\" style=\"border:0px; max-width:100%\" /><br />\r\nNgay bên khung sườn mắt cáo thiết kế thể thao là loạt option như gù và khung đỡ Evotech, các ống dẫn Samco Racing, bộ côn dầu CNC Racing.<br />\r\n<br />\r\n<img alt=\"Ducati Monster 821 Makeover dien mao dep khong tuong - 7\" class=\"LbImage bbCodeImage\" src=\"https://s1.storage.2banh.vn/image/2018/01/ducati-monster-821-makeover-dien-mao-dep-khong-tuong-5500-1517214438-5a6edae627a0f.jpg\" style=\"border:0px; max-width:100%\" /><br />\r\nNgay trung tâm khối độ cơ phong trần là bộ ốp nồi Ducabike thiết kế trong suốt đặc sắc.<br />\r\n<br />\r\n<img alt=\"Ducati Monster 821 Makeover dien mao dep khong tuong - 8\" class=\"LbImage bbCodeImage\" src=\"https://s3.storage.2banh.vn/image/2018/01/ducati-monster-821-makeover-dien-mao-dep-khong-tuong-5500-1517214490-5a6edb1ac86bf.jpg\" style=\"border:0px; max-width:100%\" /><br />\r\nĐiểm nhấn bản độ đến từ dàn chân hoa mỹ O.Z Racing gold với thiết kế 6 chấu thể thao đem lại trọng lượng siêu nhẹ, và cuối cùng là dàn âm thanh hút hồn từ ống xả SC-Project fullsystem.</em>​</div>\r\n</blockquote>', '2ER7JXPzLGducati-monster-821-makeover-dien-mao-dep-khong-tuong-5500-1517213863-5a6ed8a7d83db.jpg', 'monster-821', '2019-01-12 19:28:03', '2019-01-12 19:28:03');
INSERT INTO `motorbike` (`id`, `name`, `capacity`, `id_motorbike_type`, `id_manufacturer`, `description`, `thumbnail`, `unsigned_title`, `updated_at`, `created_at`) VALUES
('wdbSk', 'Street Fighter', '1098', '2', '6', '<div class=\"titleBar\" style=\"margin: 10px 0px 8px; padding: 0px 10px; zoom: 1; color: rgb(20, 20, 20); font-family: Arial, Helvetica, sans-serif; float: inherit !important;\">\r\n<h1>Ducati Streetfighter tạo nét đầy lực lưỡng bên nghệ thuật đường phố Graffiti</h1>\r\n</div>\r\n\r\n<blockquote><strong>Nhắc đến&nbsp;<a class=\"Dnd_XenTag_TagLink\" href=\"https://www.2banh.vn/tags/ducati+streetfighter/\" style=\"margin: 0px -3px; color: rgb(23, 96, 147); text-decoration-line: none; border-radius: 5px; padding: 0px 3px;\" title=\"Ducati Streetfighter\">Ducati Streetfighter</a>&nbsp;là nhắc đến một trong những gã chiến binh làm nên tên tuổi của hãng xe Ducati, với sức hấp dẫn riêng từ thiết kế pha trộn giữa biến thể Naked và Sport, tạo nên một con quái vật đúng nghĩa được nhiều người yêu mến, tuy đã dừng sản xuất nhưng mẫu xe này được một Biker Thái gợi lại dưới hình tượng uy nghi bên nghệ thuật đường phố Graffiti.</strong><br />\r\n&nbsp;\r\n<div style=\"margin: 0px; padding: 0px; text-align: center;\"><strong><img alt=\"Ducati Streetfighter tao net day luc luong ben nghe thuat duong pho Graffiti\" class=\"LbImage bbCodeImage\" src=\"https://s3.storage.2banh.vn/image/2018/11/ducati-streetfighter-tao-net-day-luc-luong-ben-nghe-thuat-duong-pho-graffiti-7121-1542703479-5bf3c977c0b55.jpg\" style=\"border:0px; max-width:100%\" title=\"\" /></strong><br />\r\n<em>Ducati&nbsp;<a class=\"Dnd_XenTag_TagLink\" href=\"https://www.2banh.vn/tags/streetfighter/\" style=\"margin: 0px -3px; color: rgb(23, 96, 147); text-decoration-line: none; border-radius: 5px; padding: 0px 3px;\" title=\"Streetfighter\">Streetfighter</a>&nbsp;tạo nét đầy lực lưỡng bên nghệ thuật đường phố Graffiti.<br />\r\n<br />\r\n<img alt=\"Ducati Streetfighter tao net day luc luong ben nghe thuat duong pho Graffiti - 3\" class=\"LbImage bbCodeImage\" src=\"https://s1.storage.2banh.vn/image/2018/11/ducati-streetfighter-tao-net-day-luc-luong-ben-nghe-thuat-duong-pho-graffiti-7121-1542703498-5bf3c98ae5b77.jpg\" style=\"border:0px; max-width:100%\" title=\"\" /><br />\r\nLà cổ máy mang thiết kế mỹ miều hàng đầu phân khúc Nakedbike, một tên tuổi khó bị quên lãng trong giới&nbsp;<a class=\"Dnd_XenTag_TagLink\" href=\"https://www.2banh.vn/tags/pkl/\" style=\"margin: 0px -3px; color: rgb(23, 96, 147); text-decoration-line: none; border-radius: 5px; padding: 0px 3px;\" title=\"PKL\">PKL</a>&nbsp;mặc dù đã khai tử.<br />\r\n<br />\r\n<img alt=\"Ducati Streetfighter tao net day luc luong ben nghe thuat duong pho Graffiti - 4\" class=\"LbImage bbCodeImage\" src=\"https://s3.storage.2banh.vn/image/2018/11/ducati-streetfighter-tao-net-day-luc-luong-ben-nghe-thuat-duong-pho-graffiti-7121-1542703544-5bf3c9b802a36.jpg\" style=\"border:0px; max-width:100%\" title=\"\" /><br />\r\nBên cạnh thiết kế đèn pha hoàn hảo chia sẽ từ các mẫu Sport nhà Ducati, mẫu Streetfighter trong bài viết còn được cân nhắc khi trang bị hàng loạt phụ kiện trên tay lái như cặp cùm phanh và&nbsp;<a class=\"Dnd_XenTag_TagLink\" href=\"https://www.2banh.vn/tags/c%C3%B4n+d%E1%BA%A7u+brembo+rcs/\" style=\"margin: 0px -3px; color: rgb(23, 96, 147); text-decoration-line: none; border-radius: 5px; padding: 0px 3px;\" title=\"côn dầu Brembo RCS\">côn dầu Brembo RCS</a>, hoạt động với nó là cốc bình dầu Rizoma Next.<br />\r\n<br />\r\n<img alt=\"Ducati Streetfighter tao net day luc luong ben nghe thuat duong pho Graffiti - 5\" class=\"LbImage bbCodeImage\" src=\"https://s1.storage.2banh.vn/image/2018/11/ducati-streetfighter-tao-net-day-luc-luong-ben-nghe-thuat-duong-pho-graffiti-7121-1542703641-5bf3ca195c3ce.jpg\" style=\"border:0px; max-width:100%\" title=\"\" /><br />\r\nVới thiết kế khung sườn dạng ống thép đan xen lẫn nhau để lộ chi tiết động cơ hâm hố của chiếc xe, dàn gắp đơn tạo sự kích thích riêng cho những mẫu Moto được thiết kế so với gắp đôi thông dụng. Dàn ống xả Termignoni dường như là thương hiệu gắn liền với các mẫu xe nhà Ducati.<br />\r\n<br />\r\n<img alt=\"Ducati Streetfighter tao net day luc luong ben nghe thuat duong pho Graffiti - 6\" class=\"LbImage bbCodeImage\" src=\"https://s3.storage.2banh.vn/image/2018/11/ducati-streetfighter-tao-net-day-luc-luong-ben-nghe-thuat-duong-pho-graffiti-7121-1542703937-5bf3cb41236d6.jpg\" style=\"border:0px; max-width:100%\" title=\"\" /><br />\r\n<br />\r\n<img alt=\"Ducati Streetfighter tao net day luc luong ben nghe thuat duong pho Graffiti - 7\" class=\"LbImage bbCodeImage\" src=\"https://s1.storage.2banh.vn/image/2018/11/ducati-streetfighter-tao-net-day-luc-luong-ben-nghe-thuat-duong-pho-graffiti-7121-1542703967-5bf3cb5fdf5a1.jpg\" style=\"border:0px; max-width:100%\" title=\"\" /><br />\r\nBên cạnh đó Streetfighter được trang bị bộ ly hợp khô, tạo tiếng đặc trưng của dòng máy này khiến người chơi khó có thể quên được khi nhắc đến mô hình này.<br />\r\n<br />\r\n<img alt=\"Ducati Streetfighter tao net day luc luong ben nghe thuat duong pho Graffiti - 8\" class=\"LbImage bbCodeImage\" src=\"https://s3.storage.2banh.vn/image/2018/11/ducati-streetfighter-tao-net-day-luc-luong-ben-nghe-thuat-duong-pho-graffiti-7121-1542704121-5bf3cbf9de21d.jpg\" style=\"border:0px; max-width:100%\" title=\"\" /></em></div>\r\n</blockquote>', 'JaV9TZAsUtducati-streetfighter-tao-net-day-luc-luong-ben-nghe-thuat-duong-pho-graffiti-7121-1542703498-5bf3c98ae5b77.jpg', 'street-fighter', '2019-01-12 19:36:31', '2019-01-12 19:36:31'),
('WFiK0', 'YZF - R6', '600', '1', '1', '<div class=\"titleBar\" style=\"margin: 10px 0px 8px; padding: 0px 10px; zoom: 1; color: rgb(20, 20, 20); font-family: Arial, Helvetica, sans-serif; float: inherit !important;\">\r\n<h1>Yamaha R6 chiến mã tạo dáng cực ngầu trên xa lộ</h1>\r\n</div>\r\n\r\n<blockquote><strong><a class=\"Dnd_XenTag_TagLink\" href=\"https://www.2banh.vn/tags/yamaha+r6/\" style=\"margin: 0px -3px; color: rgb(23, 96, 147); text-decoration-line: none; border-radius: 5px; padding: 0px 3px;\" title=\"Yamaha R6\">Yamaha R6</a>, một cái tên không còn quá xa lạ với các tín đồ mê&nbsp;<a class=\"Dnd_XenTag_TagLink\" href=\"https://www.2banh.vn/tags/pkl/\" style=\"margin: 0px -3px; color: rgb(23, 96, 147); text-decoration-line: none; border-radius: 5px; padding: 0px 3px;\" title=\"PKL\">PKL</a>, được xem là kẻ nắm số phân khúc 600cc, với thiết kế khá táo bạo và được ví là \"ngựa hoang\" bởi tốc độ cũng như độ bức phá của nó khi max speed, tạo hình hoành tráng trên xa lộ.</strong><br />\r\n&nbsp;\r\n<div style=\"margin: 0px; padding: 0px; text-align: center;\"><strong><img alt=\"Yamaha R6 chien ma tao dang cuc ngau tren xa lo\" class=\"LbImage bbCodeImage\" src=\"https://s3.storage.2banh.vn/image/2018/03/yamaha-r6-chien-ma-tao-dang-cuc-ngau-tren-xa-lo-5500-1521793190-5ab4b8a6dca0a.jpg\" style=\"border:0px; max-width:100%\" /></strong><br />\r\n<em>Yamaha&nbsp;<a class=\"Dnd_XenTag_TagLink\" href=\"https://www.2banh.vn/tags/r6/\" style=\"margin: 0px -3px; color: rgb(23, 96, 147); text-decoration-line: none; border-radius: 5px; padding: 0px 3px;\" title=\"R6\">R6</a>&nbsp;chiến mã tạo dáng cực ngầu trên xa lộ.<br />\r\n<br />\r\n<img alt=\"Yamaha R6 chien ma tao dang cuc ngau tren xa lo - 3\" class=\"LbImage bbCodeImage\" src=\"https://s1.storage.2banh.vn/image/2018/03/yamaha-r6-chien-ma-tao-dang-cuc-ngau-tren-xa-lo-5500-1521793210-5ab4b8ba55c19.jpg\" style=\"border:0px; max-width:100%\" /><br />\r\nĐôi đèn pha mắt cáo và khe hút gió tạo điểm nhấn khí động học cho mẫu xe này, bộ kính chắn gió đồ chơi đem lại góc nhìn nổi trội dưới trời nắng.<br />\r\n<br />\r\n<img alt=\"Yamaha R6 chien ma tao dang cuc ngau tren xa lo - 4\" class=\"LbImage bbCodeImage\" src=\"https://s3.storage.2banh.vn/image/2018/03/yamaha-r6-chien-ma-tao-dang-cuc-ngau-tren-xa-lo-5500-1521793336-5ab4b93873b8b.jpg\" style=\"border:0px; max-width:100%\" /><br />\r\nCụm đồng hồ hiển thị được thiết kế giản đơn giữa Analog và màn hình LCD bao bọc xung quanh, kết hợp với cùm phanh zin từ thương hiệu Brembo là&nbsp;<a class=\"Dnd_XenTag_TagLink\" href=\"https://www.2banh.vn/tags/b%C3%ACnh+d%E1%BA%A7u+ant+lion/\" style=\"margin: 0px -3px; color: rgb(23, 96, 147); text-decoration-line: none; border-radius: 5px; padding: 0px 3px;\" title=\"bình dầu Ant Lion\">bình dầu Ant Lion</a>&nbsp;và pát Rizoma.<br />\r\n<br />\r\n<img alt=\"Yamaha R6 chien ma tao dang cuc ngau tren xa lo - 5\" class=\"LbImage bbCodeImage\" src=\"https://s1.storage.2banh.vn/image/2018/03/yamaha-r6-chien-ma-tao-dang-cuc-ngau-tren-xa-lo-5500-1521793405-5ab4b97d56028.jpg\" style=\"border:0px; max-width:100%\" /><br />\r\nĐem lại cảm giác ngắt côn ổn hơn với bộ&nbsp;<a class=\"Dnd_XenTag_TagLink\" href=\"https://www.2banh.vn/tags/c%C3%B9m+c%C3%B4n+crg+gp/\" style=\"margin: 0px -3px; color: rgb(23, 96, 147); text-decoration-line: none; border-radius: 5px; padding: 0px 3px;\" title=\"cùm côn CRG GP\">cùm côn CRG GP</a>&nbsp;với nhiều nấc tăng chỉnh.<br />\r\n<br />\r\n<img alt=\"Yamaha R6 chien ma tao dang cuc ngau tren xa lo - 6\" class=\"LbImage bbCodeImage\" src=\"https://s3.storage.2banh.vn/image/2018/03/yamaha-r6-chien-ma-tao-dang-cuc-ngau-tren-xa-lo-5500-1521793437-5ab4b99ddd45b.jpg\" style=\"border:0px; max-width:100%\" /><br />\r\nThay thế cho bộ kiêng hậu là bộ&nbsp;<a class=\"Dnd_XenTag_TagLink\" href=\"https://www.2banh.vn/tags/p%C3%A1t+ch%C3%A2n+ki%E1%BA%BFng+rg+carbon/\" style=\"margin: 0px -3px; color: rgb(23, 96, 147); text-decoration-line: none; border-radius: 5px; padding: 0px 3px;\" title=\"pát chân kiếng RG Carbon\">pát chân kiếng RG Carbon</a>.<br />\r\n<br />\r\n<img alt=\"Yamaha R6 chien ma tao dang cuc ngau tren xa lo - 7\" class=\"LbImage bbCodeImage\" src=\"https://s1.storage.2banh.vn/image/2018/03/yamaha-r6-chien-ma-tao-dang-cuc-ngau-tren-xa-lo-5500-1521793470-5ab4b9beceb61.jpg\" style=\"border:0px; max-width:100%\" /><br />\r\nLà một chiến mã sở hữu sức mạnh thượng thừa ở phân khúc 600cc mà nhiều Biker ao ước sở hữu, dàn chân trước được sửa đổi cặp đĩa kép Arashi thiết kế dạng bông đẹp mắt.<br />\r\n<br />\r\n<img alt=\"Yamaha R6 chien ma tao dang cuc ngau tren xa lo - 8\" class=\"LbImage bbCodeImage\" src=\"https://s3.storage.2banh.vn/image/2018/03/yamaha-r6-chien-ma-tao-dang-cuc-ngau-tren-xa-lo-5500-1521793547-5ab4ba0b368fb.jpg\" style=\"border:0px; max-width:100%\" /><br />\r\nThay thế cho bộ số gãy CNC màu vàng gold và ống xả Akrapovic giúp cho động cơ đạt được hết công suất.<br />\r\n<br />\r\n<img alt=\"Yamaha R6 chien ma tao dang cuc ngau tren xa lo - 9\" class=\"LbImage bbCodeImage\" src=\"https://s1.storage.2banh.vn/image/2018/03/yamaha-r6-chien-ma-tao-dang-cuc-ngau-tren-xa-lo-5500-1521793595-5ab4ba3b46106.jpg\" style=\"border:0px; max-width:100%\" /><br />\r\nĐuôi xe gọn nhẹ với việc bỏ chắn bùn sau và đưa pát biển số đút gầm.<br />\r\n<br />\r\n<img alt=\"Yamaha R6 chien ma tao dang cuc ngau tren xa lo - 10\" class=\"LbImage bbCodeImage\" src=\"https://s3.storage.2banh.vn/image/2018/03/yamaha-r6-chien-ma-tao-dang-cuc-ngau-tren-xa-lo-5500-1521793622-5ab4ba563877c.jpg\" style=\"border:0px; max-width:100%\" /><br />\r\n<br />\r\n<img alt=\"Yamaha R6 chien ma tao dang cuc ngau tren xa lo - 11\" class=\"LbImage bbCodeImage\" src=\"https://s1.storage.2banh.vn/image/2018/03/yamaha-r6-chien-ma-tao-dang-cuc-ngau-tren-xa-lo-5500-1521793628-5ab4ba5caef39.jpg\" style=\"border:0px; max-width:100%\" /><br />\r\nChân dung mẫu Sportbike R6.</em>​</div>\r\n</blockquote>', 'MwL0Oe28hDyamaha-r6-chien-ma-tao-dang-cuc-ngau-tren-xa-lo-5500-1521793622-5ab4ba563877c.jpg', 'yzf-r6', '2019-01-12 19:05:25', '2019-01-12 19:05:25'),
('xajzp', 'YZF - R1', '999', '1', '1', '<div class=\"titleBar\" style=\"margin: 10px 0px 8px; padding: 0px 10px; zoom: 1; color: rgb(20, 20, 20); font-family: Arial, Helvetica, sans-serif; float: inherit !important;\">\r\n<h1>Yamaha R1 bản đặc biệt kỷ niệm 60 năm đẹp ngất ngây trên đất Thái</h1>\r\n</div>\r\n\r\n<blockquote><strong><a class=\"Dnd_XenTag_TagLink\" href=\"https://www.2banh.vn/tags/yamaha+r1/\" style=\"margin: 0px -3px; color: rgb(23, 96, 147); text-decoration-line: none; border-radius: 5px; padding: 0px 3px;\" title=\"Yamaha R1\">Yamaha R1</a>&nbsp;phiên bản đặc biệt 60th Anniversary được Yamaha tạo ra nhằm đánh dấu cột mốc phát triển vượt bậc của Yamaha Motor, sở hữu tone màu vàng rất thể thao, nổi bật với dải hoa văn sọc trắng đen đại diên cho tốc độ. Vẻ đẹp đặc biệt của nó càng được khẳng định hơn khi vào tay xưởng độ HT Motor tại đất Thái, hãy cùng chiêm ngưỡng của bản độ qua loạt ảnh dưới đây.</strong><br />\r\n&nbsp;\r\n<div style=\"margin: 0px; padding: 0px; text-align: center;\"><strong><img alt=\"Yamaha R1 ban dac biet ky niem 60 nam dep ngat ngay tren dat Thai\" class=\"LbImage bbCodeImage\" src=\"https://s3.storage.2banh.vn/image/2018/05/yamaha-r1-ban-dac-biet-ky-niem-60-nam-dep-ngat-ngay-tren-dat-thai-7121-1525743951-5af1014f03d3a.jpg\" style=\"border:0px; max-width:100%\" /></strong><br />\r\n<em>Yamaha&nbsp;<a class=\"Dnd_XenTag_TagLink\" href=\"https://www.2banh.vn/tags/r1/\" style=\"margin: 0px -3px; color: rgb(23, 96, 147); text-decoration-line: none; border-radius: 5px; padding: 0px 3px;\" title=\"R1\">R1</a>&nbsp;bản đặc biệt kỷ niệm 60 năm đẹp ngất ngây trên đất Thái.<br />\r\n<img alt=\"Yamaha R1 ban dac biet ky niem 60 nam dep ngat ngay tren dat Thai - 3\" class=\"LbImage bbCodeImage\" src=\"https://s1.storage.2banh.vn/image/2018/05/yamaha-r1-ban-dac-biet-ky-niem-60-nam-dep-ngat-ngay-tren-dat-thai-7121-1525743966-5af1015eefc81.jpg\" style=\"border:0px; max-width:100%\" /><br />\r\nSở hữu tone màu vàng khác biệt và những đường tem sọc đen đại diện cho tốc độ.<br />\r\n<br />\r\n<img alt=\"Yamaha R1 ban dac biet ky niem 60 nam dep ngat ngay tren dat Thai - 4\" class=\"LbImage bbCodeImage\" src=\"https://s3.storage.2banh.vn/image/2018/05/yamaha-r1-ban-dac-biet-ky-niem-60-nam-dep-ngat-ngay-tren-dat-thai-7121-1525744009-5af10189d058e.jpg\" style=\"border:0px; max-width:100%\" /><br />\r\nSửa đổi bắt đầu từ phần đầu được thay đổi&nbsp;<a class=\"Dnd_XenTag_TagLink\" href=\"https://www.2banh.vn/tags/k%C3%ADnh+ch%E1%BA%AFn+gi%C3%B3+zero+gravity/\" style=\"margin: 0px -3px; color: rgb(23, 96, 147); text-decoration-line: none; border-radius: 5px; padding: 0px 3px;\" title=\"kính chắn gió Zero Gravity\">kính chắn gió Zero Gravity</a>&nbsp;màu xám khói ấn tượng, vừa giảm sức ép cho người lái.<br />\r\n<br />\r\n<img alt=\"Yamaha R1 ban dac biet ky niem 60 nam dep ngat ngay tren dat Thai - 5\" class=\"LbImage bbCodeImage\" src=\"https://s3.storage.2banh.vn/image/2018/05/yamaha-r1-ban-dac-biet-ky-niem-60-nam-dep-ngat-ngay-tren-dat-thai-7121-1525744379-5af102fbb2d5d.jpg\" style=\"border:0px; max-width:100%\" /><br />\r\n<br />\r\n<img alt=\"Yamaha R1 ban dac biet ky niem 60 nam dep ngat ngay tren dat Thai - 6\" class=\"LbImage bbCodeImage\" src=\"https://s1.storage.2banh.vn/image/2018/05/yamaha-r1-ban-dac-biet-ky-niem-60-nam-dep-ngat-ngay-tren-dat-thai-7121-1525744178-5af1023205467.jpg\" style=\"border:0px; max-width:100%\" /><br />\r\nMức độ kiểm soát phanh được cải thiện nhờ vào trang bị&nbsp;<a class=\"Dnd_XenTag_TagLink\" href=\"https://www.2banh.vn/tags/c%C3%B9m+phanh+brembo+billet/\" style=\"margin: 0px -3px; color: rgb(23, 96, 147); text-decoration-line: none; border-radius: 5px; padding: 0px 3px;\" title=\"cùm phanh Brembo Billet\">cùm phanh Brembo Billet</a>&nbsp;cao cấp.<br />\r\n<br />\r\n<img alt=\"Yamaha R1 ban dac biet ky niem 60 nam dep ngat ngay tren dat Thai - 7\" class=\"LbImage bbCodeImage\" src=\"https://s3.storage.2banh.vn/image/2018/05/yamaha-r1-ban-dac-biet-ky-niem-60-nam-dep-ngat-ngay-tren-dat-thai-7121-1525744313-5af102b9bee4b.jpg\" style=\"border:0px; max-width:100%\" /><br />\r\nSự thay đổi tương tự với&nbsp;<a class=\"Dnd_XenTag_TagLink\" href=\"https://www.2banh.vn/tags/tay+c%C3%B4n+crg+carbon/\" style=\"margin: 0px -3px; color: rgb(23, 96, 147); text-decoration-line: none; border-radius: 5px; padding: 0px 3px;\" title=\"tay côn CRG Carbon\">tay côn CRG Carbon</a>&nbsp;siêu nhẹ và tăng chỉnh linh hoạt cải thiện việc ngắt côn được trơn tru hơn.<br />\r\n<br />\r\n<img alt=\"Yamaha R1 ban dac biet ky niem 60 nam dep ngat ngay tren dat Thai - 8\" class=\"LbImage bbCodeImage\" src=\"https://s1.storage.2banh.vn/image/2018/05/yamaha-r1-ban-dac-biet-ky-niem-60-nam-dep-ngat-ngay-tren-dat-thai-7121-1525744372-5af102f480fff.jpg\" style=\"border:0px; max-width:100%\" /><br />\r\nBình xăng được trang trí và bảo vệ bởi bộ&nbsp;<a class=\"Dnd_XenTag_TagLink\" href=\"https://www.2banh.vn/tags/%E1%BB%91p+clever+wolf+racing/\" style=\"margin: 0px -3px; color: rgb(23, 96, 147); text-decoration-line: none; border-radius: 5px; padding: 0px 3px;\" title=\"ốp Clever Wolf Racing\">ốp Clever Wolf Racing</a>&nbsp;được thiết kế từ sợi Carbon.<br />\r\n<br />\r\n<img alt=\"Yamaha R1 ban dac biet ky niem 60 nam dep ngat ngay tren dat Thai - 9\" class=\"LbImage bbCodeImage\" src=\"https://s1.storage.2banh.vn/image/2018/05/yamaha-r1-ban-dac-biet-ky-niem-60-nam-dep-ngat-ngay-tren-dat-thai-7121-1525744596-5af103d42483b.jpg\" style=\"border:0px; max-width:100%\" /><br />\r\n<br />\r\n<img alt=\"Yamaha R1 ban dac biet ky niem 60 nam dep ngat ngay tren dat Thai - 10\" class=\"LbImage bbCodeImage\" src=\"https://s3.storage.2banh.vn/image/2018/05/yamaha-r1-ban-dac-biet-ky-niem-60-nam-dep-ngat-ngay-tren-dat-thai-7121-1525744610-5af103e2742a7.jpg\" style=\"border:0px; max-width:100%\" /><br />\r\nHệ thống dàn chân đầy nổi bật với mâm tiêu chuẩn màu vàng đồng dành cho phiên bản đặc biệt 60th Anniversary, ngoài ra nhiều thay đổi khác như cặp&nbsp;<a class=\"Dnd_XenTag_TagLink\" href=\"https://www.2banh.vn/tags/phanh+brembo+billet+hp/\" style=\"margin: 0px -3px; color: rgb(23, 96, 147); text-decoration-line: none; border-radius: 5px; padding: 0px 3px;\" title=\"phanh Brembo Billet HP\">phanh Brembo Billet HP</a>, dây dầu Earl\'s, ngắt dầu Stahblus, đĩa Brembo T-Drive cải thiện khá nhiều về hiệu suất phanh cũng như độ thẩm mỹ.<br />\r\n<br />\r\n<img alt=\"Yamaha R1 ban dac biet ky niem 60 nam dep ngat ngay tren dat Thai - 11\" class=\"LbImage bbCodeImage\" src=\"https://s1.storage.2banh.vn/image/2018/05/yamaha-r1-ban-dac-biet-ky-niem-60-nam-dep-ngat-ngay-tren-dat-thai-7121-1525744931-5af1052396a5b.jpg\" style=\"border:0px; max-width:100%\" /><br />\r\n2 Bên động cơ được chăm chút khá kỹ lưỡng với ốp nồi GB được ốp Carbon fiber bóng bẩy, đi cùng full ốc titanium.<br />\r\n<br />\r\n<img alt=\"Yamaha R1 ban dac biet ky niem 60 nam dep ngat ngay tren dat Thai - 12\" class=\"LbImage bbCodeImage\" src=\"https://s3.storage.2banh.vn/image/2018/05/yamaha-r1-ban-dac-biet-ky-niem-60-nam-dep-ngat-ngay-tren-dat-thai-7121-1525745023-5af1057f948c0.jpg\" style=\"border:0px; max-width:100%\" /><br />\r\n<br />\r\n<img alt=\"Yamaha R1 ban dac biet ky niem 60 nam dep ngat ngay tren dat Thai - 13\" class=\"LbImage bbCodeImage\" src=\"https://s1.storage.2banh.vn/image/2018/05/yamaha-r1-ban-dac-biet-ky-niem-60-nam-dep-ngat-ngay-tren-dat-thai-7121-1525745048-5af10598a990f.jpg\" style=\"border:0px; max-width:100%\" /><br />\r\n<br />\r\n<img alt=\"Yamaha R1 ban dac biet ky niem 60 nam dep ngat ngay tren dat Thai - 14\" class=\"LbImage bbCodeImage\" src=\"https://s3.storage.2banh.vn/image/2018/05/yamaha-r1-ban-dac-biet-ky-niem-60-nam-dep-ngat-ngay-tren-dat-thai-7121-1525745055-5af1059f2dd06.jpg\" style=\"border:0px; max-width:100%\" /><br />\r\nChi tiết bộ combo dây dầu Earl\'s kết hợp ngắt dầu Stahblus được đan xem và dẫn truyền khá gọn theo bộ gắp sau, ngoài ra chắn bùn sau cũng được ốp Carbon fiber.<br />\r\n<br />\r\n<img alt=\"Yamaha R1 ban dac biet ky niem 60 nam dep ngat ngay tren dat Thai - 15\" class=\"LbImage bbCodeImage\" src=\"https://s1.storage.2banh.vn/image/2018/05/yamaha-r1-ban-dac-biet-ky-niem-60-nam-dep-ngat-ngay-tren-dat-thai-7121-1525745135-5af105ef48335.jpg\" style=\"border:0px; max-width:100%\" /><br />\r\nbộ ốp bô Carbon vẫn không làm mất thương hiệu Akrapovic.<br />\r\n<br />\r\n<img alt=\"Yamaha R1 ban dac biet ky niem 60 nam dep ngat ngay tren dat Thai - 16\" class=\"LbImage bbCodeImage\" src=\"https://s3.storage.2banh.vn/image/2018/05/yamaha-r1-ban-dac-biet-ky-niem-60-nam-dep-ngat-ngay-tren-dat-thai-7121-1525745167-5af1060ff2212.jpg\" style=\"border:0px; max-width:100%\" /><br />\r\nNgoài ra bản độ còn được thay đổi ống xả Akrapovic cho âm thanh uy lực hơn và độ thẩm mỹ được cao hơn ống xả titanium nguyên thủy.<br />\r\n<br />\r\n<img alt=\"Yamaha R1 ban dac biet ky niem 60 nam dep ngat ngay tren dat Thai - 17\" class=\"LbImage bbCodeImage\" src=\"https://s1.storage.2banh.vn/image/2018/05/yamaha-r1-ban-dac-biet-ky-niem-60-nam-dep-ngat-ngay-tren-dat-thai-7121-1525745173-5af10615ac831.jpg\" style=\"border:0px; max-width:100%\" /><br />\r\nHệ thống phanh sau đầy nổi bật với phanh brembo Billet, pát RSV Racing, ốc vàng vương miệng.<br />\r\n<br />\r\n<img alt=\"Yamaha R1 ban dac biet ky niem 60 nam dep ngat ngay tren dat Thai - 18\" class=\"LbImage bbCodeImage\" src=\"https://s3.storage.2banh.vn/image/2018/05/yamaha-r1-ban-dac-biet-ky-niem-60-nam-dep-ngat-ngay-tren-dat-thai-7121-1525745223-5af106476da6e.jpg\" style=\"border:0px; max-width:100%\" /><br />\r\nMang đến sức mạnh cho Yamaha R1 60th Anniversary Edition vẫn là khối động cơ hút khí tự nhiên DOHC, 4 xi-lanh thẳng hàng, dung tích 998cc cho công suất tối đa 198 mã lực ở vòng tua 13.500 vòng/phút, và mô men xoắn cực đại 112,4 Nm ở vòng tua 11.500 vòng/phút.<br />\r\n<br />\r\n<img alt=\"Yamaha R1 ban dac biet ky niem 60 nam dep ngat ngay tren dat Thai - 19\" class=\"LbImage bbCodeImage\" src=\"https://s1.storage.2banh.vn/image/2018/05/yamaha-r1-ban-dac-biet-ky-niem-60-nam-dep-ngat-ngay-tren-dat-thai-7121-1525745346-5af106c2df1b2.jpg\" style=\"border:0px; max-width:100%\" /><br />\r\n<br />\r\n<img alt=\"Yamaha R1 ban dac biet ky niem 60 nam dep ngat ngay tren dat Thai - 20\" class=\"LbImage bbCodeImage\" src=\"https://s3.storage.2banh.vn/image/2018/05/yamaha-r1-ban-dac-biet-ky-niem-60-nam-dep-ngat-ngay-tren-dat-thai-7121-1525745352-5af106c864fe9.jpg\" style=\"border:0px; max-width:100%\" /><br />\r\n<br />\r\n<img alt=\"Yamaha R1 ban dac biet ky niem 60 nam dep ngat ngay tren dat Thai - 21\" class=\"LbImage bbCodeImage\" src=\"https://s1.storage.2banh.vn/image/2018/05/yamaha-r1-ban-dac-biet-ky-niem-60-nam-dep-ngat-ngay-tren-dat-thai-7121-1525745370-5af106daefbea.jpg\" style=\"border:0px; max-width:100%\" /><br />\r\n<br />\r\n<img alt=\"Yamaha R1 ban dac biet ky niem 60 nam dep ngat ngay tren dat Thai - 22\" class=\"LbImage bbCodeImage\" src=\"https://s3.storage.2banh.vn/image/2018/05/yamaha-r1-ban-dac-biet-ky-niem-60-nam-dep-ngat-ngay-tren-dat-thai-7121-1525745377-5af106e170113.jpg\" style=\"border:0px; max-width:100%\" /><br />\r\nMột bản độ cực chất đến từ HT Motor.</em><br />\r\n&nbsp;</div>\r\n</blockquote>', 'lP862oHdZwyamaha-r1-ban-dac-biet-ky-niem-60-nam-dep-ngat-ngay-tren-dat-thai-7121-1525745377-5af106e170113.jpg', 'yzf-r1', '2019-01-12 19:00:00', '2019-01-12 19:00:00'),
('yUF0G', 'CBR1000RR', '998', '1', '2', '<div class=\"titleBar\" style=\"margin: 10px 0px 8px; padding: 0px 10px; zoom: 1; color: rgb(20, 20, 20); font-family: Arial, Helvetica, sans-serif; float: inherit !important;\">\r\n<h1>Honda CBR1000RR lịch lãm bên dàn chân sáng chói</h1>\r\n</div>\r\n\r\n<blockquote><strong><a class=\"Dnd_XenTag_TagLink\" href=\"https://www.2banh.vn/tags/honda+cbr1000rr/\" style=\"margin: 0px -3px; color: rgb(23, 96, 147); text-decoration-line: none; border-radius: 5px; padding: 0px 3px;\" title=\"Honda CBR1000RR\">Honda CBR1000RR</a>&nbsp;là một bước đột phá trong thiết kế của Honda cho mẫu sport 1000cc hàng đầu của hãng, nhìn cứng cáp và cân đối trong mọi góc nhìn, dưới đây là một phiên bản đen nhám được một tay chơi nâng cấp hoàn hảo từ những món đồ chơi công nghệ cao được thửa từ những trận đua&nbsp;<a class=\"Dnd_XenTag_TagLink\" href=\"https://www.2banh.vn/tags/pkl/\" style=\"margin: 0px -3px; color: rgb(23, 96, 147); text-decoration-line: none; border-radius: 5px; padding: 0px 3px;\" title=\"PKL\">PKL</a>.</strong><br />\r\n&nbsp;\r\n<div style=\"margin: 0px; padding: 0px; text-align: center;\"><strong><img alt=\"Honda CBR1000RR lich lam ben dan chan sang choi\" class=\"LbImage bbCodeImage\" src=\"https://s3.storage.2banh.vn/image/2018/04/honda-cbr1000rr-lich-lam-ben-dan-chan-sang-choi-7121-1524469775-5add900f372f1.jpg\" style=\"border:0px; max-width:100%\" /></strong><br />\r\n<em>Honda&nbsp;<a class=\"Dnd_XenTag_TagLink\" href=\"https://www.2banh.vn/tags/cbr1000rr/\" style=\"margin: 0px -3px; color: rgb(23, 96, 147); text-decoration-line: none; border-radius: 5px; padding: 0px 3px;\" title=\"CBR1000RR\">CBR1000RR</a>&nbsp;lịch lãm bên dàn chân sáng chói.</em><br />\r\n<img alt=\"Honda CBR1000RR lich lam ben dan chan sang choi - 3\" class=\"LbImage bbCodeImage\" src=\"https://s1.storage.2banh.vn/image/2018/04/honda-cbr1000rr-lich-lam-ben-dan-chan-sang-choi-7121-1524469795-5add90230acc9.jpg\" style=\"border:0px; max-width:100%\" /><br />\r\n<em>CBR1000RR trong bản độ ngoài tông màu màu đen nhám nổi bật với bộ&nbsp;<a class=\"Dnd_XenTag_TagLink\" href=\"https://www.2banh.vn/tags/m%C3%A2m+marchesini+forged/\" style=\"margin: 0px -3px; color: rgb(23, 96, 147); text-decoration-line: none; border-radius: 5px; padding: 0px 3px;\" title=\"mâm Marchesini Forged\">mâm Marchesini Forged</a>&nbsp;được làm từ hợp kim nhôm siêu nhẹ và độ hoàn mỹ cao.</em><br />\r\n<br />\r\n<em><img alt=\"Honda CBR1000RR lich lam ben dan chan sang choi - 4\" class=\"LbImage bbCodeImage\" src=\"https://s3.storage.2banh.vn/image/2018/04/honda-cbr1000rr-lich-lam-ben-dan-chan-sang-choi-7121-1524470446-5add92aeab7bc.jpg\" style=\"border:0px; max-width:100%\" /><br />\r\n<img alt=\"Honda CBR1000RR lich lam ben dan chan sang choi - 5\" class=\"LbImage bbCodeImage\" src=\"https://s3.storage.2banh.vn/image/2018/04/honda-cbr1000rr-lich-lam-ben-dan-chan-sang-choi-7121-1524469863-5add90679a7eb.jpg\" style=\"border:0px; max-width:100%\" /><br />\r\nHệ thống phanh trước giữ nguyên thương hiệu Kitaco, tuy nhiên chủ nhân đã sửa đổi cặp&nbsp;<a class=\"Dnd_XenTag_TagLink\" href=\"https://www.2banh.vn/tags/%C4%91%C4%A9a+galfer/\" style=\"margin: 0px -3px; color: rgb(23, 96, 147); text-decoration-line: none; border-radius: 5px; padding: 0px 3px;\" title=\"đĩa Galfer\">đĩa Galfer</a>&nbsp;nổi bật hơn với họa tiết được phay cắt khá ấn tượng và cho độ tản nhiệt cực tốt.<br />\r\n<br />\r\n<img alt=\"Honda CBR1000RR lich lam ben dan chan sang choi - 6\" class=\"LbImage bbCodeImage\" src=\"https://s1.storage.2banh.vn/image/2018/04/honda-cbr1000rr-lich-lam-ben-dan-chan-sang-choi-7121-1524469956-5add90c49ea65.jpg\" style=\"border:0px; max-width:100%\" /><br />\r\nZoom kĩ chi tiết bộ&nbsp;<a class=\"Dnd_XenTag_TagLink\" href=\"https://www.2banh.vn/tags/s%E1%BB%91+g%C3%A3y+lightech/\" style=\"margin: 0px -3px; color: rgb(23, 96, 147); text-decoration-line: none; border-radius: 5px; padding: 0px 3px;\" title=\"số gãy Lightech\">số gãy Lightech</a>&nbsp;được thiết kế tinh xảo giúp cải thiện quá trình phanh bằng chân và sang số được nhẹ nhàng lưu loát hơn.<br />\r\n<br />\r\n<img alt=\"Honda CBR1000RR lich lam ben dan chan sang choi - 7\" class=\"LbImage bbCodeImage\" src=\"https://s3.storage.2banh.vn/image/2018/04/honda-cbr1000rr-lich-lam-ben-dan-chan-sang-choi-7121-1524470093-5add914dda1ec.jpg\" style=\"border:0px; max-width:100%\" /><br />\r\nTăng sự uy nghi cho chiếc xe chủ nhân đã thay đổi&nbsp;<a class=\"Dnd_XenTag_TagLink\" href=\"https://www.2banh.vn/tags/%E1%BB%91ng+x%E1%BA%A3+akrapovic+titanium/\" style=\"margin: 0px -3px; color: rgb(23, 96, 147); text-decoration-line: none; border-radius: 5px; padding: 0px 3px;\" title=\"ống xả Akrapovic Titanium\">ống xả Akrapovic Titanium</a>&nbsp;đậm chất chơi với độ tản nhiệt tốt, trọng lượng nhẹ và khả năng lên màu khi ở nhiệt độ cao.<br />\r\n<br />\r\n<img alt=\"Honda CBR1000RR lich lam ben dan chan sang choi - 8\" class=\"LbImage bbCodeImage\" src=\"https://s1.storage.2banh.vn/image/2018/04/honda-cbr1000rr-lich-lam-ben-dan-chan-sang-choi-7121-1524470189-5add91adf0fa3.jpg\" style=\"border:0px; max-width:100%\" /><br />\r\nTrang bị quick shiffter cải thiện hành trình sang số.<br />\r\n<br />\r\n<img alt=\"Honda CBR1000RR lich lam ben dan chan sang choi - 9\" class=\"LbImage bbCodeImage\" src=\"https://s3.storage.2banh.vn/image/2018/04/honda-cbr1000rr-lich-lam-ben-dan-chan-sang-choi-7121-1524470222-5add91ce1ecb3.jpg\" style=\"border:0px; max-width:100%\" /><br />\r\n<br />\r\n<img alt=\"Honda CBR1000RR lich lam ben dan chan sang choi - 10\" class=\"LbImage bbCodeImage\" src=\"https://s1.storage.2banh.vn/image/2018/04/honda-cbr1000rr-lich-lam-ben-dan-chan-sang-choi-7121-1524470229-5add91d52ba90.jpg\" style=\"border:0px; max-width:100%\" /><br />\r\nNổi bật dàn chân sau với bộ mâm Marchesini Forged đi kèm đĩa Galfer.<br />\r\n<br />\r\n<img alt=\"Honda CBR1000RR lich lam ben dan chan sang choi - 11\" class=\"LbImage bbCodeImage\" src=\"https://s3.storage.2banh.vn/image/2018/04/honda-cbr1000rr-lich-lam-ben-dan-chan-sang-choi-7121-1524470265-5add91f9a9519.jpg\" style=\"border:0px; max-width:100%\" /><br />\r\nChi tiết bộ pát tăng sên Lightech màu đỏ rực nổi bật, gù nâng bánh Lightech.<br />\r\n<br />\r\n<img alt=\"Honda CBR1000RR lich lam ben dan chan sang choi - 12\" class=\"LbImage bbCodeImage\" src=\"https://s1.storage.2banh.vn/image/2018/04/honda-cbr1000rr-lich-lam-ben-dan-chan-sang-choi-7121-1524470371-5add926325667.jpg\" style=\"border:0px; max-width:100%\" /><br />\r\nCùng ngắm chân dung \"bò mộng\" nhà Honda trên đất Thái.</em></div>\r\n</blockquote>', 'UIucMqNjPchonda-cbr1000rr-lich-lam-ben-dan-chan-sang-choi-7121-1524469775-5add900f372f1.jpg', 'cbr1000rr', '2019-01-12 19:38:42', '2019-01-12 19:38:42');

-- --------------------------------------------------------

--
-- Cấu trúc bảng cho bảng `motorbike_type`
--

CREATE TABLE `motorbike_type` (
  `id` varchar(5) COLLATE utf8_unicode_ci NOT NULL,
  `name` varchar(255) COLLATE utf8_unicode_ci NOT NULL,
  `created_at` timestamp NOT NULL DEFAULT CURRENT_TIMESTAMP ON UPDATE CURRENT_TIMESTAMP,
  `updated_at` timestamp NOT NULL DEFAULT '0000-00-00 00:00:00'
) ENGINE=InnoDB DEFAULT CHARSET=utf8 COLLATE=utf8_unicode_ci;

--
-- Đang đổ dữ liệu cho bảng `motorbike_type`
--

INSERT INTO `motorbike_type` (`id`, `name`, `created_at`, `updated_at`) VALUES
('1', 'Sport Bike', '2018-12-27 12:30:07', '0000-00-00 00:00:00'),
('2', 'Naked Bike', '2018-12-27 12:30:07', '0000-00-00 00:00:00'),
('3', 'Sport Touring', '2018-12-27 12:31:23', '0000-00-00 00:00:00'),
('4', 'Adventure', '2018-12-27 12:31:23', '0000-00-00 00:00:00'),
('5', 'Off Road', '2018-12-27 12:32:41', '0000-00-00 00:00:00');

-- --------------------------------------------------------

--
-- Cấu trúc bảng cho bảng `policy`
--

CREATE TABLE `policy` (
  `id_role` varchar(5) COLLATE utf8_unicode_ci NOT NULL,
  `id_activity` varchar(5) COLLATE utf8_unicode_ci NOT NULL,
  `id_entity` varchar(5) COLLATE utf8_unicode_ci NOT NULL,
  `id` varchar(5) COLLATE utf8_unicode_ci NOT NULL,
  `created_at` timestamp NOT NULL DEFAULT CURRENT_TIMESTAMP ON UPDATE CURRENT_TIMESTAMP,
  `updated_at` timestamp NOT NULL DEFAULT '0000-00-00 00:00:00'
) ENGINE=InnoDB DEFAULT CHARSET=utf8 COLLATE=utf8_unicode_ci;

--
-- Đang đổ dữ liệu cho bảng `policy`
--

INSERT INTO `policy` (`id_role`, `id_activity`, `id_entity`, `id`, `created_at`, `updated_at`) VALUES
('1', '1', '1', '1', '2019-01-01 06:35:29', '0000-00-00 00:00:00'),
('1', '1', '2', '2', '2019-01-01 06:35:29', '0000-00-00 00:00:00'),
('1', '1', '3', '3', '2019-01-01 06:35:30', '0000-00-00 00:00:00'),
('1', '1', '4', '4', '2019-01-01 06:35:30', '0000-00-00 00:00:00'),
('1', '1', '5', '5', '2019-01-01 06:35:30', '0000-00-00 00:00:00'),
('1', '1', '6', '6', '2019-01-01 06:35:30', '0000-00-00 00:00:00'),
('1', '1', '7', 'ddwad', '2019-01-12 06:12:02', '0000-00-00 00:00:00'),
('1', '2', '1', '8', '2019-01-01 06:35:30', '0000-00-00 00:00:00'),
('1', '2', '2', '9', '2019-01-01 06:35:30', '0000-00-00 00:00:00'),
('1', '2', '3', '0', '2019-01-01 06:35:30', '0000-00-00 00:00:00'),
('1', '2', '4', '11', '2019-01-01 06:35:30', '0000-00-00 00:00:00'),
('1', '2', '5', '12', '2019-01-01 06:35:30', '0000-00-00 00:00:00'),
('1', '2', '6', '13', '2019-01-01 06:35:30', '0000-00-00 00:00:00'),
('1', '2', '7', '14', '2019-01-01 06:35:30', '0000-00-00 00:00:00'),
('1', '3', '1', '15', '2019-01-01 06:35:30', '0000-00-00 00:00:00'),
('1', '3', '2', '16', '2019-01-01 06:35:30', '0000-00-00 00:00:00'),
('1', '3', '3', '17', '2019-01-01 06:35:30', '0000-00-00 00:00:00'),
('1', '3', '4', '18', '2019-01-01 06:35:30', '0000-00-00 00:00:00'),
('1', '3', '5', '19', '2019-01-01 06:35:30', '0000-00-00 00:00:00'),
('1', '3', '6', '20', '2019-01-01 06:35:30', '0000-00-00 00:00:00'),
('1', '3', '7', '21', '2019-01-01 06:35:30', '0000-00-00 00:00:00'),
('1', '4', '1', '22', '2019-01-01 06:35:30', '0000-00-00 00:00:00'),
('1', '4', '2', '23', '2019-01-01 06:35:30', '0000-00-00 00:00:00'),
('1', '4', '3', '24', '2019-01-01 06:35:31', '0000-00-00 00:00:00'),
('1', '4', '4', '25', '2019-01-01 06:35:31', '0000-00-00 00:00:00'),
('1', '4', '5', '26', '2019-01-01 06:35:31', '0000-00-00 00:00:00'),
('1', '4', '6', 'nghfb', '2019-01-12 06:13:01', '0000-00-00 00:00:00'),
('1', '4', '7', 'ee34e', '2019-01-12 06:13:01', '0000-00-00 00:00:00'),
('2', '1', '1', 'nlVgK', '2019-01-09 06:36:44', '2019-01-09 06:36:44'),
('2', '1', '2', 'U2lZI', '2019-01-09 06:36:51', '2019-01-09 06:36:51'),
('3', '1', '1', 'OZr7x', '2019-01-09 06:36:59', '2019-01-09 06:36:59');

-- --------------------------------------------------------

--
-- Cấu trúc bảng cho bảng `role`
--

CREATE TABLE `role` (
  `id` varchar(5) COLLATE utf8_unicode_ci NOT NULL,
  `name` varchar(255) COLLATE utf8_unicode_ci NOT NULL,
  `created_at` timestamp NOT NULL DEFAULT CURRENT_TIMESTAMP ON UPDATE CURRENT_TIMESTAMP,
  `updated_at` timestamp NOT NULL DEFAULT '0000-00-00 00:00:00'
) ENGINE=InnoDB DEFAULT CHARSET=utf8 COLLATE=utf8_unicode_ci;

--
-- Đang đổ dữ liệu cho bảng `role`
--

INSERT INTO `role` (`id`, `name`, `created_at`, `updated_at`) VALUES
('1', 'SysAdmin', '2018-12-27 12:38:54', '0000-00-00 00:00:00'),
('2', 'Colaborator', '2018-12-27 12:38:54', '0000-00-00 00:00:00'),
('3', 'Admin', '2018-12-27 12:38:54', '0000-00-00 00:00:00'),
('4', 'User', '2019-01-09 13:34:30', '0000-00-00 00:00:00');

-- --------------------------------------------------------

--
-- Cấu trúc bảng cho bảng `slide`
--

CREATE TABLE `slide` (
  `id` varchar(5) COLLATE utf8_unicode_ci NOT NULL,
  `name` varchar(255) COLLATE utf8_unicode_ci NOT NULL,
  `path` varchar(255) COLLATE utf8_unicode_ci NOT NULL,
  `link` varchar(255) COLLATE utf8_unicode_ci NOT NULL,
  `created_at` timestamp NOT NULL DEFAULT CURRENT_TIMESTAMP ON UPDATE CURRENT_TIMESTAMP,
  `updated_at` timestamp NOT NULL DEFAULT '0000-00-00 00:00:00'
) ENGINE=InnoDB DEFAULT CHARSET=utf8 COLLATE=utf8_unicode_ci;

--
-- Đang đổ dữ liệu cho bảng `slide`
--

INSERT INTO `slide` (`id`, `name`, `path`, `link`, `created_at`, `updated_at`) VALUES
('1', 'r1 1', 'WeVfCWvY81img.jpg', 'google.com', '2019-01-06 07:34:37', '2019-01-06 00:34:37'),
('2', 'r1 2', 'yD0q83jmbaimg (1).jpg', 'google.com', '2019-01-06 07:40:43', '2019-01-06 00:40:43'),
('gxeHD', 'Ducati 1', '9DSz01CyqdPanigale-959Corse-MY18-Red-40-Slider-Gallery-906x510.jpg', 'https://www.ducati.com/us/en/bikes/panigale/959-panigale', '2019-01-05 23:59:23', '2019-01-05 23:59:23'),
('hDQal', 'gsx r1000 1', 'Qb7BvaFHA5gimg17.jpg', 'https://www.ducati.com/us/en/bikes/panigale/959-panigale', '2019-01-05 23:59:07', '2019-01-05 23:59:07'),
('RHLpF', 'Ducati 2', 'W1Aw5X2aUA123123.jpg', 'https://www.ducati.com/us/en/bikes/panigale/959-panigale', '2019-01-06 00:00:46', '2019-01-06 00:00:46');

-- --------------------------------------------------------

--
-- Cấu trúc bảng cho bảng `user`
--

CREATE TABLE `user` (
  `id` varchar(5) COLLATE utf8_unicode_ci NOT NULL,
  `id_role` varchar(5) COLLATE utf8_unicode_ci NOT NULL,
  `name` varchar(100) COLLATE utf8_unicode_ci NOT NULL,
  `email` varchar(100) COLLATE utf8_unicode_ci NOT NULL,
  `password` varchar(100) COLLATE utf8_unicode_ci NOT NULL,
  `dob` datetime NOT NULL,
  `remember_token` varchar(100) COLLATE utf8_unicode_ci DEFAULT NULL,
  `created_at` timestamp NOT NULL DEFAULT '0000-00-00 00:00:00',
  `updated_at` timestamp NOT NULL DEFAULT '0000-00-00 00:00:00'
) ENGINE=InnoDB DEFAULT CHARSET=utf8 COLLATE=utf8_unicode_ci;

--
-- Đang đổ dữ liệu cho bảng `user`
--

INSERT INTO `user` (`id`, `id_role`, `name`, `email`, `password`, `dob`, `remember_token`, `created_at`, `updated_at`) VALUES
('1', '1', 'sysadmin', 'sysadmin@gmail.com', '123', '2018-07-10 00:00:00', '0', '0000-00-00 00:00:00', '0000-00-00 00:00:00'),
('2', '2', 'collaborator', 'collaborator@gmail.com', '123', '2018-07-17 00:00:00', '0', '0000-00-00 00:00:00', '0000-00-00 00:00:00'),
('3', '1', 'dulu', 'dulu@etcc.com', '123', '2019-01-01 00:00:00', '0', '0000-00-00 00:00:00', '0000-00-00 00:00:00'),
('Jll6c', '2', 'collaborator1', 'colla1@gmail.com', '$2y$10$R2tVX1sglej9tWhqeIj7Terf6WMVz564xuxCxVcgP/TB1/nhJFptm', '2019-01-01 00:00:00', 'JOhxDgg3m34FfEpdkZUlKBOafL5Ik16E3wlcTaAsWoZO6jnPDzS6p1Si2SM4', '2019-01-09 06:38:55', '2019-01-09 06:38:55'),
('nhiKa', '1', 'dulu1', 'dulu1', '$2y$10$JqhDeVy5fVdTkjzuJ1d9WOrchBX6ZfsNoudHIPZHWOVrAS3OHzN2K', '2019-01-01 00:00:00', '0', '2019-01-08 06:17:00', '2019-01-08 06:17:00'),
('NKkXF', '4', 'user1', 'user1@gmail.com', '$2y$10$6iqLo.qeBdEsaksQn9dVHOcWd.G8Kk8FhhOqogShJJXixWd71POa2', '2019-01-01 00:00:00', NULL, '2019-01-09 06:39:17', '2019-01-09 06:39:17'),
('QykuW', '1', 'sysadmin', 'sysadmin@etcc.com', '$2y$10$WBowwLx/xfnVWdF3bPSLEe0SHOSsCROAcsTcdTspOogc5s2FSBc3y', '2019-01-08 00:00:00', 'UFT3Bx9iby94jAJtY28LyUdyL3J3vrTohVCLSbnezzdeccdrkb1tma10OpNS', '2019-01-12 02:22:06', '2019-01-12 02:34:08'),
('UKBRN', '3', 'admin1', 'admin1@gmail.com', '$2y$10$FF0XmTFUQJD1YstdppT26.7ruMXsbB.0eJ8upEJK65PFVZNpytyEq', '2019-01-01 00:00:00', 'efWXSz9Hk4Q5U7hYCHRgPqT4DDRzfB5qjjt1bB5V0CH6FxEegdm3HySUbkik', '2019-01-09 06:37:28', '2019-01-09 06:37:28'),
('Z0o75', '1', 'dulu2', 'dulu2@etcc.com', '123', '2019-01-01 00:00:00', 'tJrZ1wrLGAah0VLJvrrGWfUmBHrMBYVPq7N7YPNVZp9A5UtktJo5SzKLzpdk', '2019-01-08 06:17:34', '2019-01-12 02:13:49');

--
-- Chỉ mục cho các bảng đã đổ
--

--
-- Chỉ mục cho bảng `activity`
--
ALTER TABLE `activity`
  ADD PRIMARY KEY (`id`);

--
-- Chỉ mục cho bảng `comment`
--
ALTER TABLE `comment`
  ADD PRIMARY KEY (`id`),
  ADD KEY `fk_comment__user` (`id_user`),
  ADD KEY `fk_comment__motorbike` (`id_motorbike`);

--
-- Chỉ mục cho bảng `entity`
--
ALTER TABLE `entity`
  ADD PRIMARY KEY (`id`);

--
-- Chỉ mục cho bảng `manufacturer`
--
ALTER TABLE `manufacturer`
  ADD PRIMARY KEY (`id`);

--
-- Chỉ mục cho bảng `motorbike`
--
ALTER TABLE `motorbike`
  ADD PRIMARY KEY (`id`),
  ADD KEY `fk_motorbike__manufacturer` (`id_manufacturer`),
  ADD KEY `fk_motorbike__motorbike_type` (`id_motorbike_type`);

--
-- Chỉ mục cho bảng `motorbike_type`
--
ALTER TABLE `motorbike_type`
  ADD PRIMARY KEY (`id`);

--
-- Chỉ mục cho bảng `policy`
--
ALTER TABLE `policy`
  ADD PRIMARY KEY (`id_role`,`id_activity`,`id_entity`),
  ADD KEY `fk_policy__activity` (`id_activity`),
  ADD KEY `fk_policy__entity` (`id_entity`);

--
-- Chỉ mục cho bảng `role`
--
ALTER TABLE `role`
  ADD PRIMARY KEY (`id`);

--
-- Chỉ mục cho bảng `slide`
--
ALTER TABLE `slide`
  ADD PRIMARY KEY (`id`);

--
-- Chỉ mục cho bảng `user`
--
ALTER TABLE `user`
  ADD PRIMARY KEY (`id`),
  ADD KEY `fk_user__role` (`id_role`);

--
-- Các ràng buộc cho các bảng đã đổ
--

--
-- Các ràng buộc cho bảng `comment`
--
ALTER TABLE `comment`
  ADD CONSTRAINT `fk_comment__motorbike` FOREIGN KEY (`id_motorbike`) REFERENCES `motorbike` (`id`),
  ADD CONSTRAINT `fk_comment__user` FOREIGN KEY (`id_user`) REFERENCES `user` (`id`);

--
-- Các ràng buộc cho bảng `motorbike`
--
ALTER TABLE `motorbike`
  ADD CONSTRAINT `fk_motorbike__manufacturer` FOREIGN KEY (`id_manufacturer`) REFERENCES `manufacturer` (`id`),
  ADD CONSTRAINT `fk_motorbike__motorbike_type` FOREIGN KEY (`id_motorbike_type`) REFERENCES `motorbike_type` (`id`);

--
-- Các ràng buộc cho bảng `policy`
--
ALTER TABLE `policy`
  ADD CONSTRAINT `fk_policy__activity` FOREIGN KEY (`id_activity`) REFERENCES `activity` (`id`),
  ADD CONSTRAINT `fk_policy__entity` FOREIGN KEY (`id_entity`) REFERENCES `entity` (`id`),
  ADD CONSTRAINT `fk_policy__role` FOREIGN KEY (`id_role`) REFERENCES `role` (`id`);

--
-- Các ràng buộc cho bảng `user`
--
ALTER TABLE `user`
  ADD CONSTRAINT `fk_user__role` FOREIGN KEY (`id_role`) REFERENCES `role` (`id`);
COMMIT;

/*!40101 SET CHARACTER_SET_CLIENT=@OLD_CHARACTER_SET_CLIENT */;
/*!40101 SET CHARACTER_SET_RESULTS=@OLD_CHARACTER_SET_RESULTS */;
/*!40101 SET COLLATION_CONNECTION=@OLD_COLLATION_CONNECTION */;
